random_id,condition,block,system,selectee,chosen_term,new_term_used,correct,gender_distinction,generaliser,number,system_type
9enmmxzrqm,mfgb,1,0,fbs,kïmy,FALSE,1,1,mbs,1,1
9enmmxzrqm,mfgb,1,0,fzd,hïlaki,FALSE,0,1,z,2,1
9enmmxzrqm,mfgb,1,0,mzs,kïmy,FALSE,1,1,mbs,1,1
9enmmxzrqm,mfgb,1,0,mzd,hïlaki,FALSE,0,1,z,2,1
9enmmxzrqm,mfgb,1,0,mbd,hïlaki,FALSE,0,1,z,2,1
9enmmxzrqm,mfgb,1,0,fzs,kïmy,FALSE,1,1,mbs,1,1
9enmmxzrqm,mfgb,1,0,fbd,hïlaki,FALSE,0,1,z,2,1
9enmmxzrqm,mfgb,1,0,fbs,kïmy,FALSE,1,1,mbs,1,1
9enmmxzrqm,mfgb,1,0,fzd,lobowaby,FALSE,1,1,fzd,3,1
9enmmxzrqm,mfgb,1,0,mzs,kïmy,FALSE,1,1,mbs,1,1
9enmmxzrqm,mfgb,1,0,mzd,lobowaby,FALSE,1,1,fzd,3,1
9enmmxzrqm,mfgb,1,0,mbd,lobowaby,FALSE,1,1,fzd,3,1
9enmmxzrqm,mfgb,1,0,fzs,kïmy,FALSE,1,1,mbs,1,1
9enmmxzrqm,mfgb,1,0,fbd,lobowaby,FALSE,1,1,fzd,3,1
1mxy428t9t,mfgb,5,0,z,hyonăo,FALSE,1,1,z,2,1
1mxy428t9t,mfgb,5,0,mbd,goozăi,FALSE,1,1,mbs,1,1
1mxy428t9t,mfgb,5,0,mzs,goozăi,FALSE,1,1,mbs,1,1
1mxy428t9t,mfgb,5,0,fzs,goozăi,FALSE,1,1,mbs,1,1
1mxy428t9t,mfgb,5,0,mzd,goozăi,FALSE,1,1,mbs,1,1
1mxy428t9t,mfgb,5,0,fbd,goozăi,FALSE,1,1,mbs,1,1
1mxy428t9t,mfgb,5,0,b,goozăi,FALSE,0,1,mbs,1,1
1mxy428t9t,mfgb,5,0,fzd,goozăi,FALSE,1,1,mbs,1,1
1mxy428t9t,mfgb,5,0,fbs,goozăi,FALSE,1,1,mbs,1,1
1mxy428t9t,mfgb,4,1,mbd,øqoç,FALSE,1,0,mzd,2,2x2
1mxy428t9t,mfgb,4,1,fzs,orinoçim,FALSE,1,0,fbd,1,2x2
1mxy428t9t,mfgb,4,1,mzd,øqoç,FALSE,1,0,mzd,2,2x2
1mxy428t9t,mfgb,4,1,mzs,øqoç,FALSE,1,0,mzd,2,2x2
1mxy428t9t,mfgb,4,1,mbs,øqoç,FALSE,1,0,mzd,2,2x2
1mxy428t9t,mfgb,4,1,fzd,orinoçim,FALSE,1,0,fbd,1,2x2
1mxy428t9t,mfgb,4,1,fbs,orinoçim,FALSE,1,0,fbd,1,2x2
1mxy428t9t,mfgb,7,2,fbs,ktot,FALSE,1,0,fbs,1,2x2
1mxy428t9t,mfgb,7,2,fbd,ktot,FALSE,1,0,fbs,1,2x2
1mxy428t9t,mfgb,7,2,mbs,tsåvvses,FALSE,0,0,fzs,2,2x2
1mxy428t9t,mfgb,7,2,mbd,ktot,FALSE,1,0,fbs,1,2x2
1mxy428t9t,mfgb,7,2,fzd,ktot,FALSE,0,0,fbs,1,2x2
1mxy428t9t,mfgb,7,2,mzs,tsåvvses,FALSE,1,0,fzs,2,2x2
1mxy428t9t,mfgb,7,2,mzd,ktot,FALSE,0,0,fbs,1,2x2
1mxy428t9t,mfgb,8,3,fbs,yaöpe,FALSE,1,1,fbs,2,2x2
1mxy428t9t,mfgb,8,3,fzs,yaöpe,FALSE,0,1,fbs,2,2x2
1mxy428t9t,mfgb,8,3,mzs,yaöpe,FALSE,1,1,fbs,2,2x2
1mxy428t9t,mfgb,8,3,mzd,šïïnö,FALSE,0,1,mbd,1,2x2
1mxy428t9t,mfgb,8,3,fbd,šïïnö,FALSE,0,1,mbd,1,2x2
1mxy428t9t,mfgb,8,3,mbs,yaöpe,FALSE,0,1,fbs,2,2x2
1mxy428t9t,mfgb,8,3,fzd,šïïnö,FALSE,1,1,mbd,1,2x2
1mxy428t9t,mfgb,1,4,fzd,ozatof,FALSE,1,1,fzd,3,3x1
1mxy428t9t,mfgb,1,4,mbd,ilug,FALSE,1,1,mzs,2,3x1
1mxy428t9t,mfgb,1,4,mzd,ilug,FALSE,1,1,mzs,2,3x1
1mxy428t9t,mfgb,1,4,fbs,ulywaf,FALSE,1,1,fbd,1,3x1
1mxy428t9t,mfgb,1,4,fzs,ulywaf,FALSE,0,1,fbd,1,3x1
1mxy428t9t,mfgb,1,4,mbs,ilug,FALSE,1,1,mzs,2,3x1
1mxy428t9t,mfgb,1,4,mzs,ilug,FALSE,1,1,mzs,2,3x1
1mxy428t9t,mfgb,2,5,mbd,rbāranžā,FALSE,1,0,mzs,2,3x1
1mxy428t9t,mfgb,2,5,mzs,rbāranžā,FALSE,1,0,mzs,2,3x1
1mxy428t9t,mfgb,2,5,fzd,vbāžo,FALSE,1,0,fzd,3,3x1
1mxy428t9t,mfgb,2,5,mbs,rbāranžā,FALSE,1,0,mzs,2,3x1
1mxy428t9t,mfgb,2,5,mzd,rbāranžā,FALSE,1,0,mzs,2,3x1
1mxy428t9t,mfgb,2,5,fbs,nžodo,FALSE,0,0,fzs,1,3x1
1mxy428t9t,mfgb,2,5,fbd,vbāžo,FALSE,0,0,fzd,3,3x1
1mxy428t9t,mfgb,3,6,fbd,popingi,FALSE,0,0,mbd,1,3x1
1mxy428t9t,mfgb,3,6,fbs,lepego,FALSE,1,0,mzd,2,3x1
1mxy428t9t,mfgb,3,6,fzs,kawuka,FALSE,1,0,fzs,3,3x1
1mxy428t9t,mfgb,3,6,mzs,lepego,FALSE,1,0,mzd,2,3x1
1mxy428t9t,mfgb,3,6,fzd,pygele,FALSE,1,0,fzd,4,3x1
1mxy428t9t,mfgb,3,6,mbd,popingi,FALSE,1,0,mbd,1,3x1
1mxy428t9t,mfgb,3,6,mbs,popingi,FALSE,1,0,mbd,1,3x1
1mxy428t9t,mfgb,6,7,mbs,morïky,FALSE,0,1,mzs,1,3x1
1mxy428t9t,mfgb,6,7,fbd,kïmy,FALSE,1,1,fzd,2,3x1
1mxy428t9t,mfgb,6,7,mbd,kïmy,FALSE,1,1,fzd,2,3x1
1mxy428t9t,mfgb,6,7,fbs,morïky,FALSE,0,1,mzs,1,3x1
1mxy428t9t,mfgb,6,7,fzs,morïky,FALSE,0,1,mzs,1,3x1
1mxy428t9t,mfgb,6,7,mzd,kïmy,FALSE,0,1,fzd,2,3x1
1mxy428t9t,mfgb,6,7,mzs,morïky,FALSE,1,1,mzs,1,3x1
by11zvzmpo,mfgb,6,0,mbs,ryvïri,FALSE,1,0,fbd,1,1
by11zvzmpo,mfgb,6,0,mbd,kïmy,FALSE,0,0,z,2,1
by11zvzmpo,mfgb,6,0,z,kïmy,FALSE,1,0,z,2,1
by11zvzmpo,mfgb,6,0,mzs,ryvïri,FALSE,1,0,fbd,1,1
by11zvzmpo,mfgb,6,0,mbs,bokokohï,FALSE,1,0,mbs,3,1
by11zvzmpo,mfgb,6,0,mbd,ryvïri,FALSE,1,0,fbd,1,1
by11zvzmpo,mfgb,6,0,mzs,bokokohï,FALSE,1,0,mbs,3,1
by11zvzmpo,mfgb,6,0,mzd,ryvïri,FALSE,1,0,fbd,1,1
by11zvzmpo,mfgb,6,0,fzd,ryvïri,FALSE,1,0,fbd,1,1
by11zvzmpo,mfgb,6,0,fzs,bokokohï,FALSE,1,0,mbs,3,1
by11zvzmpo,mfgb,6,0,b,lobowaby,FALSE,1,0,b,4,1
by11zvzmpo,mfgb,6,0,fbs,bokokohï,FALSE,1,0,mbs,3,1
by11zvzmpo,mfgb,8,1,mzd,nžodo,FALSE,1,0,mzd,3,2x2
by11zvzmpo,mfgb,8,1,mbs,vruži,FALSE,1,0,mbs,2,2x2
by11zvzmpo,mfgb,8,1,fbd,nžodo,FALSE,0,0,mzd,3,2x2
by11zvzmpo,mfgb,8,1,fzd,nžodo,FALSE,0,0,mzd,3,2x2
by11zvzmpo,mfgb,8,1,fzs,cžunge,FALSE,1,0,fbs,1,2x2
by11zvzmpo,mfgb,8,1,mbd,nžodo,FALSE,1,0,mzd,3,2x2
by11zvzmpo,mfgb,8,1,mzs,vruži,FALSE,1,0,mbs,2,2x2
by11zvzmpo,mfgb,5,2,fzs,egezalat,FALSE,0,1,mbs,1,2x2
by11zvzmpo,mfgb,5,2,fbd,ulywaf,FALSE,0,1,mzd,2,2x2
by11zvzmpo,mfgb,5,2,mbd,ulywaf,FALSE,0,1,mzd,2,2x2
by11zvzmpo,mfgb,5,2,fzd,ulywaf,FALSE,1,1,mzd,2,2x2
by11zvzmpo,mfgb,5,2,mzs,egezalat,FALSE,0,1,mbs,1,2x2
by11zvzmpo,mfgb,5,2,fbs,egezalat,FALSE,1,1,mbs,1,2x2
by11zvzmpo,mfgb,5,2,mzd,ulywaf,FALSE,1,1,mzd,2,2x2
by11zvzmpo,mfgb,1,3,mbd,šïïnö,FALSE,1,0,fzs,1,2x2
by11zvzmpo,mfgb,1,3,fzd,šïïnö,FALSE,1,0,fzs,1,2x2
by11zvzmpo,mfgb,1,3,mbs,beiguumu,FALSE,0,0,fbs,2,2x2
by11zvzmpo,mfgb,1,3,fzs,šïïnö,FALSE,1,0,fzs,1,2x2
by11zvzmpo,mfgb,1,3,mzd,šïïnö,FALSE,0,0,fzs,1,2x2
by11zvzmpo,mfgb,1,3,fbd,šïïnö,FALSE,0,0,fzs,1,2x2
by11zvzmpo,mfgb,1,3,mzs,beiguumu,FALSE,1,0,fbs,2,2x2
by11zvzmpo,mfgb,3,4,mbd,kvurddåh,FALSE,1,0,mzd,2,3x1
by11zvzmpo,mfgb,3,4,fzs,sfêvdok,FALSE,1,0,fzs,3,3x1
by11zvzmpo,mfgb,3,4,fzd,kvurddåh,FALSE,1,0,mzd,2,3x1
by11zvzmpo,mfgb,3,4,mzs,sfêvdok,FALSE,1,0,fzs,3,3x1
by11zvzmpo,mfgb,3,4,fbd,smêvskêv,FALSE,1,0,fbd,1,3x1
by11zvzmpo,mfgb,3,4,fbs,smêvskêv,FALSE,1,0,fbd,1,3x1
by11zvzmpo,mfgb,3,4,mbs,sfêvdok,FALSE,1,0,fzs,3,3x1
by11zvzmpo,mfgb,4,5,fzs,powisunge,FALSE,1,1,fzs,1,3x1
by11zvzmpo,mfgb,4,5,fbd,luge,FALSE,1,1,mbd,2,3x1
by11zvzmpo,mfgb,4,5,fbs,powisunge,FALSE,0,1,fzs,1,3x1
by11zvzmpo,mfgb,4,5,mbs,powisunge,FALSE,0,1,fzs,1,3x1
by11zvzmpo,mfgb,4,5,mzs,powisunge,FALSE,0,1,fzs,1,3x1
by11zvzmpo,mfgb,4,5,fzd,luge,FALSE,0,1,mbd,2,3x1
by11zvzmpo,mfgb,4,5,mzd,luge,FALSE,1,1,mbd,2,3x1
by11zvzmpo,mfgb,2,6,mbd,baumiă,FALSE,0,0,fzs,2,3x1
by11zvzmpo,mfgb,2,6,fzs,baumiă,FALSE,1,0,fzs,2,3x1
by11zvzmpo,mfgb,2,6,mzd,hyonăo,FALSE,0,0,mbs,1,3x1
by11zvzmpo,mfgb,2,6,fbd,hyonăo,FALSE,0,0,mbs,1,3x1
by11zvzmpo,mfgb,2,6,fbs,baumiă,FALSE,1,0,fzs,2,3x1
by11zvzmpo,mfgb,2,6,mzs,baumiă,FALSE,1,0,fzs,2,3x1
by11zvzmpo,mfgb,2,6,fzd,hyonăo,FALSE,0,0,mbs,1,3x1
by11zvzmpo,mfgb,7,7,mbd,adeçim,FALSE,1,1,fbd,2,3x1
by11zvzmpo,mfgb,7,7,mzs,aqinudød,FALSE,1,1,mzs,1,3x1
by11zvzmpo,mfgb,7,7,mbs,aqinudød,FALSE,0,1,mzs,1,3x1
by11zvzmpo,mfgb,7,7,mzd,adeçim,FALSE,0,1,fbd,2,3x1
by11zvzmpo,mfgb,7,7,fbs,aqinudød,FALSE,0,1,mzs,1,3x1
by11zvzmpo,mfgb,7,7,fzs,aqinudød,FALSE,0,1,mzs,1,3x1
by11zvzmpo,mfgb,7,7,fzd,adeçim,FALSE,1,1,fbd,2,3x1
wh08dqfy5x,mfbg,7,0,z,pžicā,FALSE,1,1,z,2,1
wh08dqfy5x,mfbg,7,0,mbs,vruži,FALSE,1,1,mzs,1,1
wh08dqfy5x,mfbg,7,0,fzs,vruži,FALSE,1,1,mzs,1,1
wh08dqfy5x,mfbg,7,0,fbd,pžicā,FALSE,0,1,z,2,1
wh08dqfy5x,mfbg,7,0,mzd,pžicā,FALSE,0,1,z,2,1
wh08dqfy5x,mfbg,7,0,mbd,pžicā,FALSE,0,1,z,2,1
wh08dqfy5x,mfbg,7,0,fbs,vruži,FALSE,1,1,mzs,1,1
wh08dqfy5x,mfbg,7,0,b,vruži,FALSE,0,1,mzs,1,1
wh08dqfy5x,mfbg,7,0,fzd,pžicā,FALSE,0,1,z,2,1
wh08dqfy5x,mfbg,3,1,fzd,luge,FALSE,1,1,fbd,1,2x2
wh08dqfy5x,mfbg,3,1,mbd,luge,FALSE,0,1,fbd,1,2x2
wh08dqfy5x,mfbg,3,1,fbs,lawolu,FALSE,0,1,mzs,2,2x2
wh08dqfy5x,mfbg,3,1,mzd,luge,FALSE,0,1,fbd,1,2x2
wh08dqfy5x,mfbg,3,1,fbd,luge,FALSE,1,1,fbd,1,2x2
wh08dqfy5x,mfbg,3,1,mbs,lawolu,FALSE,1,1,mzs,2,2x2
wh08dqfy5x,mfbg,3,1,fzs,luge,FALSE,1,1,fbd,1,2x2
wh08dqfy5x,mfbg,8,2,fbd,huanăa,FALSE,1,1,fbd,1,2x2
wh08dqfy5x,mfbg,8,2,mbs,qăo,FALSE,0,1,mzs,2,2x2
wh08dqfy5x,mfbg,8,2,mbd,huanăa,FALSE,1,1,fbd,1,2x2
wh08dqfy5x,mfbg,8,2,fbs,qăo,FALSE,0,1,mzs,2,2x2
wh08dqfy5x,mfbg,8,2,fzs,qăo,FALSE,1,1,mzs,2,2x2
wh08dqfy5x,mfbg,8,2,mzd,huanăa,FALSE,0,1,fbd,1,2x2
wh08dqfy5x,mfbg,8,2,fzd,qăo,FALSE,1,1,mzs,2,2x2
wh08dqfy5x,mfbg,2,3,fbd,yaöpe,FALSE,0,1,mbd,1,2x2
wh08dqfy5x,mfbg,2,3,fzs,tuumïhu,FALSE,0,1,mzs,2,2x2
wh08dqfy5x,mfbg,2,3,mzd,tuumïhu,FALSE,1,1,mzs,2,2x2
wh08dqfy5x,mfbg,2,3,mzs,tuumïhu,FALSE,1,1,mzs,2,2x2
wh08dqfy5x,mfbg,2,3,fbs,tuumïhu,FALSE,1,1,mzs,2,2x2
wh08dqfy5x,mfbg,2,3,mbs,tuumïhu,FALSE,0,1,mzs,2,2x2
wh08dqfy5x,mfbg,2,3,fzd,yaöpe,FALSE,1,1,mbd,1,2x2
wh08dqfy5x,mfbg,4,4,mzd,aweh,FALSE,1,0,mbs,2,3x1
wh08dqfy5x,mfbg,4,4,fbs,øqoç,FALSE,1,0,fbs,1,3x1
wh08dqfy5x,mfbg,4,4,mbd,aweh,FALSE,1,0,mbs,2,3x1
wh08dqfy5x,mfbg,4,4,mzs,aweh,FALSE,1,0,mbs,2,3x1
wh08dqfy5x,mfbg,4,4,fbd,øqoç,FALSE,1,0,fbs,1,3x1
wh08dqfy5x,mfbg,4,4,fzs,øqoç,FALSE,0,0,fbs,1,3x1
wh08dqfy5x,mfbg,4,4,fzd,øqoç,FALSE,0,0,fbs,1,3x1
wh08dqfy5x,mfbg,5,5,mzs,smêvskêv,FALSE,1,0,mbd,2,3x1
wh08dqfy5x,mfbg,5,5,mbd,smêvskêv,FALSE,1,0,mbd,2,3x1
wh08dqfy5x,mfbg,5,5,mbs,smêvskêv,FALSE,1,0,mbd,2,3x1
wh08dqfy5x,mfbg,5,5,mzd,smêvskêv,FALSE,1,0,mbd,2,3x1
wh08dqfy5x,mfbg,5,5,fbs,sfêvdok,FALSE,0,0,fzd,1,3x1
wh08dqfy5x,mfbg,5,5,fzs,sfêvdok,FALSE,1,0,fzd,1,3x1
wh08dqfy5x,mfbg,5,5,fbd,sfêvdok,FALSE,0,0,fzd,1,3x1
wh08dqfy5x,mfbg,1,6,mbs,hïlaki,FALSE,1,0,mbd,1,3x1
wh08dqfy5x,mfbg,1,6,fbs,zuvewu,FALSE,1,0,fzd,2,3x1
wh08dqfy5x,mfbg,1,6,fzs,zuvewu,FALSE,1,0,fzd,2,3x1
wh08dqfy5x,mfbg,1,6,mzs,hïlaki,FALSE,0,0,mbd,1,3x1
wh08dqfy5x,mfbg,1,6,mzd,hïlaki,FALSE,0,0,mbd,1,3x1
wh08dqfy5x,mfbg,1,6,fzd,zuvewu,FALSE,1,0,fzd,2,3x1
wh08dqfy5x,mfbg,1,6,fbd,zuvewu,FALSE,1,0,fzd,2,3x1
wh08dqfy5x,mfbg,6,7,fzs,ulywaf,FALSE,0,1,mzs,1,3x1
wh08dqfy5x,mfbg,6,7,mbs,ulywaf,FALSE,0,1,mzs,1,3x1
wh08dqfy5x,mfbg,6,7,fbs,ulywaf,FALSE,0,1,mzs,1,3x1
wh08dqfy5x,mfbg,6,7,fbd,azuf,FALSE,1,1,mbd,2,3x1
wh08dqfy5x,mfbg,6,7,fzd,azuf,FALSE,1,1,mbd,2,3x1
wh08dqfy5x,mfbg,6,7,mzd,azuf,FALSE,0,1,mbd,2,3x1
wh08dqfy5x,mfbg,6,7,mbd,azuf,FALSE,1,1,mbd,2,3x1
vfc66vqf8v,fmbg,7,0,mzs,huanăa,FALSE,1,0,mzs,3,1
vfc66vqf8v,fmbg,7,0,fbd,huanăa,FALSE,1,0,mzs,3,1
vfc66vqf8v,fmbg,7,0,fzd,nyumuo,FALSE,0,0,b,2,1
vfc66vqf8v,fmbg,7,0,mzd,huanăa,FALSE,1,0,mzs,3,1
vfc66vqf8v,fmbg,7,0,fzd,gêă,FALSE,1,0,fzs,1,1
vfc66vqf8v,fmbg,7,0,mzd,huanăa,FALSE,1,0,mzs,3,1
vfc66vqf8v,fmbg,7,0,mbd,gêă,FALSE,1,0,fzs,1,1
vfc66vqf8v,fmbg,7,0,mbd,gêă,FALSE,1,0,fzs,1,1
vfc66vqf8v,fmbg,7,0,z,nyumuo,FALSE,1,0,b,2,1
vfc66vqf8v,fmbg,7,0,fzs,gêă,FALSE,1,0,fzs,1,1
vfc66vqf8v,fmbg,7,0,mbs,gêă,FALSE,1,0,fzs,1,1
vfc66vqf8v,fmbg,7,0,fbs,huanăa,FALSE,1,0,mzs,3,1
vfc66vqf8v,fmbg,8,1,mbs,idanuluf,FALSE,1,1,mbs,3,2x2
vfc66vqf8v,fmbg,8,1,fbs,awupav,FALSE,1,1,fbd,1,2x2
vfc66vqf8v,fmbg,8,1,fbd,awupav,FALSE,1,1,fbd,1,2x2
vfc66vqf8v,fmbg,8,1,fzd,idanuluf,FALSE,0,1,mbs,3,2x2
vfc66vqf8v,fmbg,8,1,mzd,otev,FALSE,1,1,mzs,2,2x2
vfc66vqf8v,fmbg,8,1,fzs,idanuluf,FALSE,0,1,mbs,3,2x2
vfc66vqf8v,fmbg,8,1,mbd,idanuluf,FALSE,1,1,mbs,3,2x2
vfc66vqf8v,fmbg,5,2,fbs,nuubö,FALSE,1,1,fbs,3,2x2
vfc66vqf8v,fmbg,5,2,mbd,cöahido,FALSE,1,1,mbs,1,2x2
vfc66vqf8v,fmbg,5,2,fzd,šïïnö,FALSE,1,1,fzd,2,2x2
vfc66vqf8v,fmbg,5,2,mzd,nuubö,FALSE,0,1,fbs,3,2x2
vfc66vqf8v,fmbg,5,2,mzs,nuubö,FALSE,0,1,fbs,3,2x2
vfc66vqf8v,fmbg,5,2,fzs,šïïnö,FALSE,1,1,fzd,2,2x2
vfc66vqf8v,fmbg,5,2,fbd,nuubö,FALSE,1,1,fbs,3,2x2
vfc66vqf8v,fmbg,6,3,mzd,pžicā,FALSE,1,1,fbs,2,2x2
vfc66vqf8v,fmbg,6,3,mzd,pžicā,FALSE,1,1,fbs,2,2x2
vfc66vqf8v,fmbg,6,3,mbd,vbāžo,FALSE,1,1,fzd,1,2x2
vfc66vqf8v,fmbg,6,3,fzs,vbāžo,FALSE,1,1,fzd,1,2x2
vfc66vqf8v,fmbg,6,3,fbd,pžicā,FALSE,1,1,fbs,2,2x2
vfc66vqf8v,fmbg,6,3,mzs,pžicā,FALSE,1,1,fbs,2,2x2
vfc66vqf8v,fmbg,6,3,mbs,vbāžo,FALSE,1,1,fzd,1,2x2
vfc66vqf8v,fmbg,6,3,fbs,pžicā,FALSE,1,1,fbs,2,2x2
vfc66vqf8v,fmbg,2,4,fbs,orinoçim,FALSE,1,1,fbd,1,3x1
vfc66vqf8v,fmbg,2,4,mbd,aweh,FALSE,1,1,fzs,2,3x1
vfc66vqf8v,fmbg,2,4,fzs,aweh,FALSE,1,1,fzs,2,3x1
vfc66vqf8v,fmbg,2,4,mzd,orinoçim,FALSE,0,1,fbd,1,3x1
vfc66vqf8v,fmbg,2,4,fzd,aweh,FALSE,1,1,fzs,2,3x1
vfc66vqf8v,fmbg,2,4,mzs,orinoçim,FALSE,0,1,fbd,1,3x1
vfc66vqf8v,fmbg,2,4,mbs,aweh,FALSE,1,1,fzs,2,3x1
vfc66vqf8v,fmbg,3,5,mzd,kawuka,FALSE,1,1,fbd,2,3x1
vfc66vqf8v,fmbg,3,5,mbs,luge,FALSE,0,1,fzs,1,3x1
vfc66vqf8v,fmbg,3,5,fbs,kawuka,FALSE,1,1,fbd,2,3x1
vfc66vqf8v,fmbg,3,5,fzs,luge,FALSE,1,1,fzs,1,3x1
vfc66vqf8v,fmbg,3,5,mzs,kawuka,FALSE,1,1,fbd,2,3x1
vfc66vqf8v,fmbg,3,5,mbd,luge,FALSE,0,1,fzs,1,3x1
vfc66vqf8v,fmbg,3,5,fzd,luge,FALSE,1,1,fzs,1,3x1
vfc66vqf8v,fmbg,1,6,mzs,bokokohï,FALSE,1,0,mzd,2,3x1
vfc66vqf8v,fmbg,1,6,mbs,qïru,FALSE,1,0,mbd,1,3x1
vfc66vqf8v,fmbg,1,6,mzd,bokokohï,FALSE,1,0,mzd,2,3x1
vfc66vqf8v,fmbg,1,6,fzs,qïru,FALSE,0,0,mbd,1,3x1
vfc66vqf8v,fmbg,1,6,fzd,qïru,FALSE,0,0,mbd,1,3x1
vfc66vqf8v,fmbg,1,6,fbd,bokokohï,FALSE,1,0,mzd,2,3x1
vfc66vqf8v,fmbg,1,6,fbs,bokokohï,FALSE,1,0,mzd,2,3x1
vfc66vqf8v,fmbg,4,7,fbd,ktåvrhus,FALSE,0,0,mzd,1,3x1
vfc66vqf8v,fmbg,4,7,mbs,tsåvvses,FALSE,1,0,fzd,2,3x1
vfc66vqf8v,fmbg,4,7,mzd,ktåvrhus,FALSE,1,0,mzd,1,3x1
vfc66vqf8v,fmbg,4,7,mbd,tsåvvses,FALSE,1,0,fzd,2,3x1
vfc66vqf8v,fmbg,4,7,fzs,tsåvvses,FALSE,1,0,fzd,2,3x1
vfc66vqf8v,fmbg,4,7,fbs,ktåvrhus,FALSE,0,0,mzd,1,3x1
vfc66vqf8v,fmbg,4,7,mzs,ktåvrhus,FALSE,1,0,mzd,1,3x1
hq1zhqhwaa,mfgb,1,0,fzd,tuumïhu,FALSE,1,1,fbs,1,1
hq1zhqhwaa,mfgb,1,0,mzd,tuumïhu,FALSE,1,1,fbs,1,1
hq1zhqhwaa,mfgb,1,0,mzs,tuumïhu,FALSE,1,1,fbs,1,1
hq1zhqhwaa,mfgb,1,0,fbd,tuumïhu,FALSE,1,1,fbs,1,1
hq1zhqhwaa,mfgb,1,0,b,beiguumu,FALSE,1,1,z,2,1
hq1zhqhwaa,mfgb,1,0,mbd,tuumïhu,FALSE,1,1,fbs,1,1
hq1zhqhwaa,mfgb,1,0,z,beiguumu,FALSE,1,1,z,2,1
hq1zhqhwaa,mfgb,1,0,mbs,tuumïhu,FALSE,1,1,fbs,1,1
hq1zhqhwaa,mfgb,1,0,fzs,tuumïhu,FALSE,1,1,fbs,1,1
hq1zhqhwaa,mfgb,8,1,mbs,orinoçim,FALSE,1,0,mzs,2,2x2
hq1zhqhwaa,mfgb,8,1,fbd,aqinudød,FALSE,1,0,fbs,1,2x2
hq1zhqhwaa,mfgb,8,1,mbd,orinoçim,FALSE,1,0,mzs,2,2x2
hq1zhqhwaa,mfgb,8,1,mzd,orinoçim,FALSE,1,0,mzs,2,2x2
hq1zhqhwaa,mfgb,8,1,fzs,aqinudød,FALSE,1,0,fbs,1,2x2
hq1zhqhwaa,mfgb,8,1,mzs,orinoçim,FALSE,1,0,mzs,2,2x2
hq1zhqhwaa,mfgb,8,1,fzd,aqinudød,FALSE,1,0,fbs,1,2x2
hq1zhqhwaa,mfgb,2,2,mzd,luge,FALSE,1,1,mzd,2,2x2
hq1zhqhwaa,mfgb,2,2,mbd,luge,FALSE,0,1,mzd,2,2x2
hq1zhqhwaa,mfgb,2,2,fzs,powisunge,FALSE,0,1,mbs,1,2x2
hq1zhqhwaa,mfgb,2,2,fzd,luge,FALSE,1,1,mzd,2,2x2
hq1zhqhwaa,mfgb,2,2,fbs,powisunge,FALSE,1,1,mbs,1,2x2
hq1zhqhwaa,mfgb,2,2,fbd,luge,FALSE,0,1,mzd,2,2x2
hq1zhqhwaa,mfgb,2,2,mzs,powisunge,FALSE,0,1,mbs,1,2x2
hq1zhqhwaa,mfgb,5,3,mbs,kïmy,FALSE,1,1,fzs,1,2x2
hq1zhqhwaa,mfgb,5,3,mzd,qïru,FALSE,1,1,mzd,2,2x2
hq1zhqhwaa,mfgb,5,3,fzd,kïmy,FALSE,1,1,fzs,1,2x2
hq1zhqhwaa,mfgb,5,3,fbs,qïru,FALSE,1,1,mzd,2,2x2
hq1zhqhwaa,mfgb,5,3,mbd,kïmy,FALSE,1,1,fzs,1,2x2
hq1zhqhwaa,mfgb,5,3,fbd,qïru,FALSE,1,1,mzd,2,2x2
hq1zhqhwaa,mfgb,5,3,mzs,qïru,FALSE,1,1,mzd,2,2x2
hq1zhqhwaa,mfgb,7,4,mzs,huanăa,FALSE,1,0,mbd,2,3x1
hq1zhqhwaa,mfgb,7,4,mbs,huanăa,FALSE,1,0,mbd,2,3x1
hq1zhqhwaa,mfgb,7,4,fzs,huanăa,FALSE,1,0,mbd,2,3x1
hq1zhqhwaa,mfgb,7,4,mzd,huanăa,FALSE,1,0,mbd,2,3x1
hq1zhqhwaa,mfgb,7,4,fbs,taobyo,FALSE,1,0,fbd,1,3x1
hq1zhqhwaa,mfgb,7,4,fbd,taobyo,FALSE,1,0,fbd,1,3x1
hq1zhqhwaa,mfgb,7,4,fzd,huanăa,FALSE,1,0,mbd,2,3x1
hq1zhqhwaa,mfgb,3,5,mzd,tsåvvses,FALSE,1,1,fbd,2,3x1
hq1zhqhwaa,mfgb,3,5,fbs,vrêd,FALSE,0,1,fzs,1,3x1
hq1zhqhwaa,mfgb,3,5,fzd,tsåvvses,FALSE,0,1,fbd,2,3x1
hq1zhqhwaa,mfgb,3,5,fbd,tsåvvses,FALSE,1,1,fbd,2,3x1
hq1zhqhwaa,mfgb,3,5,mbs,vrêd,FALSE,0,1,fzs,1,3x1
hq1zhqhwaa,mfgb,3,5,mzs,vrêd,FALSE,0,1,fzs,1,3x1
hq1zhqhwaa,mfgb,3,5,mbd,tsåvvses,FALSE,1,1,fbd,2,3x1
hq1zhqhwaa,mfgb,4,6,fzd,etupol,FALSE,1,0,fzs,2,3x1
hq1zhqhwaa,mfgb,4,6,fbd,etupol,FALSE,1,0,fzs,2,3x1
hq1zhqhwaa,mfgb,4,6,mbd,otev,FALSE,1,0,mbs,1,3x1
hq1zhqhwaa,mfgb,4,6,fbs,etupol,FALSE,1,0,fzs,2,3x1
hq1zhqhwaa,mfgb,4,6,fzs,etupol,FALSE,1,0,fzs,2,3x1
hq1zhqhwaa,mfgb,4,6,mzs,etupol,FALSE,1,0,fzs,2,3x1
hq1zhqhwaa,mfgb,4,6,mzd,etupol,FALSE,1,0,fzs,2,3x1
hq1zhqhwaa,mfgb,6,7,mzd,byure,FALSE,1,1,mzs,1,3x1
hq1zhqhwaa,mfgb,6,7,fzd,vruži,FALSE,1,1,mbd,2,3x1
hq1zhqhwaa,mfgb,6,7,fzs,vruži,FALSE,1,1,mbd,2,3x1
hq1zhqhwaa,mfgb,6,7,mbs,vruži,FALSE,1,1,mbd,2,3x1
hq1zhqhwaa,mfgb,6,7,fbd,vruži,FALSE,1,1,mbd,2,3x1
hq1zhqhwaa,mfgb,6,7,mzs,byure,FALSE,1,1,mzs,1,3x1
hq1zhqhwaa,mfgb,6,7,fbs,vruži,FALSE,1,1,mbd,2,3x1
4k1ad46eg9,fmbg,2,0,mbd,yaöpe,FALSE,1,0,fbd,1,1
4k1ad46eg9,fmbg,2,0,mzs,yaöpe,FALSE,1,0,fbd,1,1
4k1ad46eg9,fmbg,2,0,fbs,yaöpe,FALSE,1,0,fbd,1,1
4k1ad46eg9,fmbg,2,0,b,šïïnö,FALSE,1,0,z,2,1
4k1ad46eg9,fmbg,2,0,mbs,yaöpe,FALSE,1,0,fbd,1,1
4k1ad46eg9,fmbg,2,0,z,šïïnö,FALSE,1,0,z,2,1
4k1ad46eg9,fmbg,2,0,fzs,yaöpe,FALSE,1,0,fbd,1,1
4k1ad46eg9,fmbg,2,0,mzd,yaöpe,FALSE,1,0,fbd,1,1
4k1ad46eg9,fmbg,2,0,fzd,yaöpe,FALSE,1,0,fbd,1,1
4k1ad46eg9,fmbg,4,1,fzs,baumiă,FALSE,0,1,mbs,2,2x2
4k1ad46eg9,fmbg,4,1,fbs,baumiă,FALSE,0,1,mbs,2,2x2
4k1ad46eg9,fmbg,4,1,fbd,gêă,FALSE,1,1,fzd,1,2x2
4k1ad46eg9,fmbg,4,1,mzs,baumiă,FALSE,1,1,mbs,2,2x2
4k1ad46eg9,fmbg,4,1,mzd,gêă,FALSE,0,1,fzd,1,2x2
4k1ad46eg9,fmbg,4,1,fzd,gêă,FALSE,1,1,fzd,1,2x2
4k1ad46eg9,fmbg,4,1,mbd,gêă,FALSE,0,1,fzd,1,2x2
4k1ad46eg9,fmbg,6,2,fzs,ilug,FALSE,0,1,mbs,1,2x2
4k1ad46eg9,fmbg,6,2,fbs,ilug,FALSE,1,1,mbs,1,2x2
4k1ad46eg9,fmbg,6,2,fbd,agivud,FALSE,0,1,fzd,2,2x2
4k1ad46eg9,fmbg,6,2,fzd,agivud,FALSE,1,1,fzd,2,2x2
4k1ad46eg9,fmbg,6,2,mbd,agivud,FALSE,0,1,fzd,2,2x2
4k1ad46eg9,fmbg,6,2,mzs,ilug,FALSE,0,1,mbs,1,2x2
4k1ad46eg9,fmbg,6,2,mzd,agivud,FALSE,1,1,fzd,2,2x2
4k1ad46eg9,fmbg,5,3,fzd,kawuka,FALSE,1,1,mbd,1,2x2
4k1ad46eg9,fmbg,5,3,mbs,wupu,FALSE,0,1,mzs,2,2x2
4k1ad46eg9,fmbg,5,3,fbs,wupu,FALSE,1,1,mzs,2,2x2
4k1ad46eg9,fmbg,5,3,mbd,kawuka,FALSE,1,1,mbd,1,2x2
4k1ad46eg9,fmbg,5,3,fbd,kawuka,FALSE,0,1,mbd,1,2x2
4k1ad46eg9,fmbg,5,3,mzd,kawuka,FALSE,0,1,mbd,1,2x2
4k1ad46eg9,fmbg,5,3,fzs,wupu,FALSE,0,1,mzs,2,2x2
4k1ad46eg9,fmbg,1,4,mbd,bokokohï,FALSE,0,0,fbd,1,3x1
4k1ad46eg9,fmbg,1,4,mbs,bokokohï,FALSE,0,0,fbd,1,3x1
4k1ad46eg9,fmbg,1,4,mzs,bokokohï,FALSE,0,0,fbd,1,3x1
4k1ad46eg9,fmbg,1,4,mbd,bokokohï,FALSE,0,0,fbd,1,3x1
4k1ad46eg9,fmbg,1,4,mbs,morïky,FALSE,1,0,mbs,3,3x1
4k1ad46eg9,fmbg,1,4,mbd,kïmy,FALSE,1,0,fzd,2,3x1
4k1ad46eg9,fmbg,1,4,mbs,bokokohï,FALSE,0,0,fbd,1,3x1
4k1ad46eg9,fmbg,1,4,mzs,bokokohï,FALSE,0,0,fbd,1,3x1
4k1ad46eg9,fmbg,1,4,fbs,kïmy,FALSE,0,0,fzd,2,3x1
4k1ad46eg9,fmbg,1,4,mzd,kïmy,FALSE,1,0,fzd,2,3x1
4k1ad46eg9,fmbg,1,4,mbd,bokokohï,FALSE,0,0,fbd,1,3x1
4k1ad46eg9,fmbg,1,4,mbs,bokokohï,FALSE,0,0,fbd,1,3x1
4k1ad46eg9,fmbg,1,4,mzs,kïmy,FALSE,1,0,fzd,2,3x1
4k1ad46eg9,fmbg,1,4,fbs,bokokohï,FALSE,1,0,fbd,1,3x1
4k1ad46eg9,fmbg,1,4,mzd,kïmy,FALSE,1,0,fzd,2,3x1
4k1ad46eg9,fmbg,1,4,fzs,kïmy,FALSE,1,0,fzd,2,3x1
4k1ad46eg9,fmbg,1,4,fbd,bokokohï,FALSE,1,0,fbd,1,3x1
4k1ad46eg9,fmbg,3,5,fbs,kvurddåh,FALSE,0,0,fzd,1,3x1
4k1ad46eg9,fmbg,3,5,mzs,smêvskêv,FALSE,1,0,mbd,2,3x1
4k1ad46eg9,fmbg,3,5,fzd,kvurddåh,FALSE,1,0,fzd,1,3x1
4k1ad46eg9,fmbg,3,5,mzd,kvurddåh,FALSE,0,0,fzd,1,3x1
4k1ad46eg9,fmbg,3,5,fbd,smêvskêv,FALSE,1,0,mbd,2,3x1
4k1ad46eg9,fmbg,3,5,fzs,smêvskêv,FALSE,0,0,mbd,2,3x1
4k1ad46eg9,fmbg,3,5,mbs,kvurddåh,FALSE,0,0,fzd,1,3x1
4k1ad46eg9,fmbg,8,6,mbd,vbāžo,FALSE,0,0,fbs,2,3x1
4k1ad46eg9,fmbg,8,6,mzs,ngcāžo,FALSE,0,0,mbs,1,3x1
4k1ad46eg9,fmbg,8,6,fbs,vbāžo,FALSE,1,0,fbs,2,3x1
4k1ad46eg9,fmbg,8,6,mbd,vbāžo,FALSE,0,0,fbs,2,3x1
4k1ad46eg9,fmbg,8,6,mzs,vbāžo,FALSE,1,0,fbs,2,3x1
4k1ad46eg9,fmbg,8,6,fzs,vbāžo,FALSE,1,0,fbs,2,3x1
4k1ad46eg9,fmbg,8,6,fzd,ngcāžo,FALSE,0,0,mbs,1,3x1
4k1ad46eg9,fmbg,8,6,fbd,ngcāžo,FALSE,0,0,mbs,1,3x1
4k1ad46eg9,fmbg,8,6,mzd,ngcāžo,FALSE,0,0,mbs,1,3x1
4k1ad46eg9,fmbg,7,7,fzs,emøyeç,FALSE,0,0,mzs,1,3x1
4k1ad46eg9,fmbg,7,7,mbs,aqinudød,FALSE,1,0,fbs,2,3x1
4k1ad46eg9,fmbg,7,7,mzs,emøyeç,FALSE,1,0,mzs,1,3x1
4k1ad46eg9,fmbg,7,7,mzd,aqinudød,FALSE,0,0,fbs,2,3x1
4k1ad46eg9,fmbg,7,7,fzd,aqinudød,FALSE,1,0,fbs,2,3x1
4k1ad46eg9,fmbg,7,7,fbd,emøyeç,FALSE,0,0,mzs,1,3x1
4k1ad46eg9,fmbg,7,7,mbd,emøyeç,FALSE,0,0,mzs,1,3x1
srcyko4mfl,fmbg,5,0,fbs,bybï,FALSE,1,1,fzs,1,1
srcyko4mfl,fmbg,5,0,mzd,bybï,FALSE,1,1,fzs,1,1
srcyko4mfl,fmbg,5,0,mbd,bybï,FALSE,1,1,fzs,1,1
srcyko4mfl,fmbg,5,0,z,bokokohï,FALSE,1,1,z,2,1
srcyko4mfl,fmbg,5,0,fzd,bybï,FALSE,1,1,fzs,1,1
srcyko4mfl,fmbg,5,0,mzs,bybï,FALSE,1,1,fzs,1,1
srcyko4mfl,fmbg,5,0,b,hïlaki,FALSE,1,1,b,3,1
srcyko4mfl,fmbg,5,0,mbs,bybï,FALSE,1,1,fzs,1,1
srcyko4mfl,fmbg,5,0,fbd,bybï,FALSE,1,1,fzs,1,1
srcyko4mfl,fmbg,7,1,fbs,gêă,FALSE,1,1,fbd,1,2x2
srcyko4mfl,fmbg,7,1,fzs,gêă,FALSE,1,1,fbd,1,2x2
srcyko4mfl,fmbg,7,1,mzs,nyumuo,FALSE,1,1,mbs,2,2x2
srcyko4mfl,fmbg,7,1,fzd,gêă,FALSE,1,1,fbd,1,2x2
srcyko4mfl,fmbg,7,1,mzd,nyumuo,FALSE,1,1,mbs,2,2x2
srcyko4mfl,fmbg,7,1,mbd,nyumuo,FALSE,1,1,mbs,2,2x2
srcyko4mfl,fmbg,7,1,mbs,nyumuo,FALSE,1,1,mbs,2,2x2
srcyko4mfl,fmbg,2,2,mbd,byure,FALSE,1,0,mbd,3,2x2
srcyko4mfl,fmbg,2,2,mbs,cžunge,FALSE,1,0,mbs,1,2x2
srcyko4mfl,fmbg,2,2,mzd,byure,FALSE,0,0,mbd,3,2x2
srcyko4mfl,fmbg,2,2,fzd,vruži,FALSE,1,0,fzs,2,2x2
srcyko4mfl,fmbg,2,2,fbs,vruži,FALSE,0,0,fzs,2,2x2
srcyko4mfl,fmbg,2,2,fbd,vruži,FALSE,0,0,fzs,2,2x2
srcyko4mfl,fmbg,2,2,mzs,cžunge,FALSE,0,0,mbs,1,2x2
srcyko4mfl,fmbg,6,3,fzd,içiqusem,FALSE,1,1,mbs,1,2x2
srcyko4mfl,fmbg,6,3,mzs,orinoçim,FALSE,1,1,fbd,2,2x2
srcyko4mfl,fmbg,6,3,fbs,içiqusem,FALSE,0,1,mbs,1,2x2
srcyko4mfl,fmbg,6,3,fzs,orinoçim,FALSE,0,1,fbd,2,2x2
srcyko4mfl,fmbg,6,3,mbs,içiqusem,FALSE,1,1,mbs,1,2x2
srcyko4mfl,fmbg,6,3,mzd,içiqusem,FALSE,0,1,mbs,1,2x2
srcyko4mfl,fmbg,6,3,mbd,orinoçim,FALSE,0,1,fbd,2,2x2
srcyko4mfl,fmbg,8,4,mzd,idanuluf,FALSE,1,1,mbs,2,3x1
srcyko4mfl,fmbg,8,4,fzs,idanuluf,FALSE,1,1,mbs,2,3x1
srcyko4mfl,fmbg,8,4,mbs,idanuluf,FALSE,1,1,mbs,2,3x1
srcyko4mfl,fmbg,8,4,mzs,idanuluf,FALSE,1,1,mbs,2,3x1
srcyko4mfl,fmbg,8,4,mbd,idanuluf,FALSE,1,1,mbs,2,3x1
srcyko4mfl,fmbg,8,4,fzd,idanuluf,FALSE,1,1,mbs,2,3x1
srcyko4mfl,fmbg,8,4,fbs,ulywaf,FALSE,1,1,fbd,1,3x1
srcyko4mfl,fmbg,3,5,mbs,goviku,FALSE,1,0,fbs,2,3x1
srcyko4mfl,fmbg,3,5,mbd,goviku,FALSE,1,0,fbs,2,3x1
srcyko4mfl,fmbg,3,5,mzs,goviku,FALSE,1,0,fbs,2,3x1
srcyko4mfl,fmbg,3,5,fzd,goviku,FALSE,0,0,fbs,2,3x1
srcyko4mfl,fmbg,3,5,fzd,ngapapu,FALSE,1,0,fzs,1,3x1
srcyko4mfl,fmbg,3,5,fbd,goviku,FALSE,1,0,fbs,2,3x1
srcyko4mfl,fmbg,3,5,fzs,ngapapu,FALSE,1,0,fzs,1,3x1
srcyko4mfl,fmbg,3,5,mzd,goviku,FALSE,1,0,fbs,2,3x1
srcyko4mfl,fmbg,4,6,fzd,šïïnö,FALSE,1,1,mzs,2,3x1
srcyko4mfl,fmbg,4,6,mbs,yaöpe,FALSE,1,1,mbd,1,3x1
srcyko4mfl,fmbg,4,6,fzs,šïïnö,FALSE,1,1,mzs,2,3x1
srcyko4mfl,fmbg,4,6,fbd,šïïnö,FALSE,1,1,mzs,2,3x1
srcyko4mfl,fmbg,4,6,fbs,šïïnö,FALSE,1,1,mzs,2,3x1
srcyko4mfl,fmbg,4,6,mzd,šïïnö,FALSE,1,1,mzs,2,3x1
srcyko4mfl,fmbg,4,6,mzs,šïïnö,FALSE,1,1,mzs,2,3x1
srcyko4mfl,fmbg,1,7,mzs,kvurddåh,FALSE,0,1,fbs,2,3x1
srcyko4mfl,fmbg,1,7,fbs,kvurddåh,FALSE,1,1,fbs,2,3x1
srcyko4mfl,fmbg,1,7,fzs,kvurddåh,FALSE,1,1,fbs,2,3x1
srcyko4mfl,fmbg,1,7,fbd,rhymsvåd,FALSE,0,1,mzd,1,3x1
srcyko4mfl,fmbg,1,7,mbd,rhymsvåd,FALSE,0,1,mzd,1,3x1
srcyko4mfl,fmbg,1,7,fzd,rhymsvåd,FALSE,0,1,mzd,1,3x1
srcyko4mfl,fmbg,1,7,mbs,kvurddåh,FALSE,1,1,fbs,2,3x1
uf9y22kc7h,fmbg,2,0,fbs,kïmy,FALSE,1,0,fbs,3,1
uf9y22kc7h,fmbg,2,0,mzs,ryvïri,FALSE,1,0,mzs,1,1
uf9y22kc7h,fmbg,2,0,mzd,męwaqïfe,FALSE,0,0,b,2,1
uf9y22kc7h,fmbg,2,0,fbd,ryvïri,FALSE,1,0,mzs,1,1
uf9y22kc7h,fmbg,2,0,z,męwaqïfe,FALSE,1,0,b,2,1
96dcxvnjng,mfgb,1,0,mbd,tuumïhu,FALSE,1,1,mbd,1,1
96dcxvnjng,mfgb,1,0,mzd,tuumïhu,FALSE,1,1,mbd,1,1
96dcxvnjng,mfgb,1,0,mzs,tuumïhu,FALSE,1,1,mbd,1,1
96dcxvnjng,mfgb,1,0,fzs,šaaqaude,FALSE,0,1,b,2,1
96dcxvnjng,mfgb,1,0,fbs,šaaqaude,FALSE,0,1,b,2,1
96dcxvnjng,mfgb,1,0,fbd,šaaqaude,FALSE,0,1,b,2,1
96dcxvnjng,mfgb,1,0,mbs,tuumïhu,FALSE,1,1,mbd,1,1
96dcxvnjng,mfgb,1,0,fzd,šaaqaude,FALSE,0,1,b,2,1
96dcxvnjng,mfgb,1,0,z,tuumïhu,FALSE,0,1,mbd,1,1
96dcxvnjng,mfgb,8,1,mbd,ulywaf,FALSE,0,0,fzd,1,2x2
96dcxvnjng,mfgb,8,1,mzs,awupav,FALSE,1,0,mzd,2,2x2
96dcxvnjng,mfgb,8,1,fbd,awupav,FALSE,0,0,mzd,2,2x2
96dcxvnjng,mfgb,8,1,fbs,ulywaf,FALSE,1,0,fzd,1,2x2
96dcxvnjng,mfgb,8,1,mbs,awupav,FALSE,1,0,mzd,2,2x2
96dcxvnjng,mfgb,8,1,fzd,ulywaf,FALSE,1,0,fzd,1,2x2
96dcxvnjng,mfgb,8,1,fzs,ulywaf,FALSE,1,0,fzd,1,2x2
96dcxvnjng,mfgb,4,2,mzs,vropcāre,FALSE,1,0,fzd,2,2x2
96dcxvnjng,mfgb,4,2,fbd,rbāranžā,FALSE,1,0,fbd,1,2x2
96dcxvnjng,mfgb,4,2,fzs,vropcāre,FALSE,1,0,fzd,2,2x2
96dcxvnjng,mfgb,4,2,mbs,vropcāre,FALSE,0,0,fzd,2,2x2
96dcxvnjng,mfgb,4,2,fbs,vropcāre,FALSE,0,0,fzd,2,2x2
96dcxvnjng,mfgb,4,2,mbd,rbāranžā,FALSE,1,0,fbd,1,2x2
96dcxvnjng,mfgb,4,2,mzd,vropcāre,FALSE,1,0,fzd,2,2x2
96dcxvnjng,mfgb,5,3,fbs,wupu,FALSE,0,1,mbs,1,2x2
96dcxvnjng,mfgb,5,3,fbd,ngapapu,FALSE,1,1,mzd,2,2x2
96dcxvnjng,mfgb,5,3,fzd,wupu,FALSE,1,1,mbs,1,2x2
96dcxvnjng,mfgb,5,3,mbs,wupu,FALSE,1,1,mbs,1,2x2
96dcxvnjng,mfgb,5,3,fzs,ngapapu,FALSE,0,1,mzd,2,2x2
96dcxvnjng,mfgb,5,3,mzs,wupu,FALSE,0,1,mbs,1,2x2
96dcxvnjng,mfgb,5,3,mbd,ngapapu,FALSE,0,1,mzd,2,2x2
96dcxvnjng,mfgb,7,4,fbs,adeçim,FALSE,1,1,fbd,1,3x1
96dcxvnjng,mfgb,7,4,fzs,adeçim,FALSE,0,1,fbd,1,3x1
96dcxvnjng,mfgb,7,4,fzd,adeçim,FALSE,0,1,fbd,1,3x1
96dcxvnjng,mfgb,7,4,mzs,adeçim,FALSE,0,1,fbd,1,3x1
96dcxvnjng,mfgb,7,4,mbd,adeçim,FALSE,0,1,fbd,1,3x1
96dcxvnjng,mfgb,7,4,fbd,adeçim,FALSE,1,1,fbd,1,3x1
96dcxvnjng,mfgb,7,4,mzd,adeçim,FALSE,0,1,fbd,1,3x1
96dcxvnjng,mfgb,3,5,mbs,kïmy,FALSE,1,0,mzd,2,3x1
96dcxvnjng,mfgb,3,5,fbd,morïky,FALSE,0,0,fzd,1,3x1
96dcxvnjng,mfgb,3,5,mbd,kïmy,FALSE,1,0,mzd,2,3x1
96dcxvnjng,mfgb,3,5,mzs,kïmy,FALSE,1,0,mzd,2,3x1
96dcxvnjng,mfgb,3,5,fzs,morïky,FALSE,1,0,fzd,1,3x1
96dcxvnjng,mfgb,3,5,mzd,kïmy,FALSE,1,0,mzd,2,3x1
96dcxvnjng,mfgb,3,5,fbs,morïky,FALSE,0,0,fzd,1,3x1
96dcxvnjng,mfgb,6,6,mzd,svik,FALSE,1,0,fzs,2,3x1
96dcxvnjng,mfgb,6,6,mbd,svik,FALSE,0,0,fzs,2,3x1
96dcxvnjng,mfgb,6,6,fzs,svik,FALSE,1,0,fzs,2,3x1
96dcxvnjng,mfgb,6,6,fbs,tsåvvses,FALSE,0,0,mbs,1,3x1
96dcxvnjng,mfgb,6,6,mzs,tsåvvses,FALSE,0,0,mbs,1,3x1
96dcxvnjng,mfgb,6,6,fbd,svik,FALSE,1,0,fzs,2,3x1
96dcxvnjng,mfgb,6,6,fzd,tsåvvses,FALSE,0,0,mbs,1,3x1
96dcxvnjng,mfgb,2,7,fbs,goozăi,FALSE,1,1,fbd,2,3x1
96dcxvnjng,mfgb,2,7,fzs,goozăi,FALSE,1,1,fbd,2,3x1
96dcxvnjng,mfgb,2,7,mzd,niuhiê,FALSE,1,1,mzs,1,3x1
96dcxvnjng,mfgb,2,7,mzs,niuhiê,FALSE,1,1,mzs,1,3x1
96dcxvnjng,mfgb,2,7,mbs,niuhiê,FALSE,0,1,mzs,1,3x1
96dcxvnjng,mfgb,2,7,mbd,niuhiê,FALSE,0,1,mzs,1,3x1
96dcxvnjng,mfgb,2,7,fzd,goozăi,FALSE,1,1,fbd,2,3x1
n82s617h3t,mfbg,7,0,b,lepego,FALSE,1,0,z,2,1
n82s617h3t,mfbg,7,0,mbd,kawuka,FALSE,1,0,fzd,1,1
n82s617h3t,mfbg,7,0,mzd,kawuka,FALSE,1,0,fzd,1,1
n82s617h3t,mfbg,7,0,mzs,kawuka,FALSE,1,0,fzd,1,1
n82s617h3t,mfbg,7,0,fbs,kawuka,FALSE,1,0,fzd,1,1
n82s617h3t,mfbg,7,0,mbs,kawuka,FALSE,1,0,fzd,1,1
n82s617h3t,mfbg,7,0,fzs,kawuka,FALSE,1,0,fzd,1,1
n82s617h3t,mfbg,7,0,fzd,kawuka,FALSE,1,0,fzd,1,1
n82s617h3t,mfbg,7,0,fbd,kawuka,FALSE,1,0,fzd,1,1
n82s617h3t,mfbg,2,1,fzd,nyumuo,FALSE,1,0,fbs,1,2x2
n82s617h3t,mfbg,2,1,fbd,nyumuo,FALSE,1,0,fbs,1,2x2
n82s617h3t,mfbg,2,1,fbs,nyumuo,FALSE,1,0,fbs,1,2x2
n82s617h3t,mfbg,2,1,mbs,gêă,FALSE,1,0,mzs,2,2x2
n82s617h3t,mfbg,2,1,mzd,gêă,FALSE,1,0,mzs,2,2x2
n82s617h3t,mfbg,2,1,mbd,gêă,FALSE,1,0,mzs,2,2x2
n82s617h3t,mfbg,2,1,fzs,nyumuo,FALSE,1,0,fbs,1,2x2
n82s617h3t,mfbg,4,2,mbd,rhåv,FALSE,1,1,mbd,1,2x2
n82s617h3t,mfbg,4,2,fbs,tsåvvses,FALSE,0,1,fzs,2,2x2
n82s617h3t,mfbg,4,2,mzd,rhåv,FALSE,0,1,mbd,1,2x2
n82s617h3t,mfbg,4,2,fzd,tsåvvses,FALSE,1,1,fzs,2,2x2
n82s617h3t,mfbg,4,2,mzs,rhåv,FALSE,0,1,mbd,1,2x2
n82s617h3t,mfbg,4,2,mbs,rhåv,FALSE,1,1,mbd,1,2x2
n82s617h3t,mfbg,4,2,fbd,tsåvvses,FALSE,0,1,fzs,2,2x2
n82s617h3t,mfbg,8,3,mbs,agivud,FALSE,1,0,fzd,1,2x2
n82s617h3t,mfbg,8,3,fbs,awupav,FALSE,1,0,fbs,3,2x2
n82s617h3t,mfbg,8,3,fbd,agivud,FALSE,0,0,fzd,1,2x2
n82s617h3t,mfbg,8,3,fzs,awupav,FALSE,0,0,fbs,3,2x2
n82s617h3t,mfbg,8,3,mzs,agivud,FALSE,0,0,fzd,1,2x2
n82s617h3t,mfbg,8,3,mbd,otev,FALSE,0,0,mzd,2,2x2
n82s617h3t,mfbg,8,3,fzd,agivud,FALSE,1,0,fzd,1,2x2
n82s617h3t,mfbg,1,4,mzs,beiguumu,FALSE,1,0,mzs,3,3x1
n82s617h3t,mfbg,1,4,fbs,yaöpe,FALSE,1,0,fbs,1,3x1
n82s617h3t,mfbg,1,4,mbd,cöahido,FALSE,1,0,mbd,4,3x1
n82s617h3t,mfbg,1,4,fbd,nuubö,FALSE,0,0,fzs,2,3x1
n82s617h3t,mfbg,1,4,fzd,nuubö,FALSE,1,0,fzs,2,3x1
n82s617h3t,mfbg,1,4,mbs,cöahido,FALSE,1,0,mbd,4,3x1
n82s617h3t,mfbg,1,4,mzd,beiguumu,FALSE,1,0,mzs,3,3x1
n82s617h3t,mfbg,5,5,fzd,orinoçim,FALSE,1,0,fzd,1,3x1
n82s617h3t,mfbg,5,5,fbs,iqur,FALSE,1,0,mzd,2,3x1
n82s617h3t,mfbg,5,5,fbd,orinoçim,FALSE,0,0,fzd,1,3x1
n82s617h3t,mfbg,5,5,mbd,iqur,FALSE,1,0,mzd,2,3x1
n82s617h3t,mfbg,5,5,mbs,içiqusem,FALSE,1,0,mbs,3,3x1
n82s617h3t,mfbg,5,5,mzs,içiqusem,FALSE,1,0,mbs,3,3x1
n82s617h3t,mfbg,5,5,fzs,adeçim,FALSE,1,0,fzs,4,3x1
n82s617h3t,mfbg,3,6,fzd,lobowaby,FALSE,1,0,fzd,2,3x1
n82s617h3t,mfbg,3,6,fbd,lobowaby,FALSE,1,0,fzd,2,3x1
n82s617h3t,mfbg,3,6,fbs,lobowaby,FALSE,1,0,fzd,2,3x1
n82s617h3t,mfbg,3,6,fzs,lobowaby,FALSE,1,0,fzd,2,3x1
n82s617h3t,mfbg,3,6,mbs,bokokohï,FALSE,1,0,mbd,1,3x1
n82s617h3t,mfbg,3,6,mzs,bokokohï,FALSE,0,0,mbd,1,3x1
n82s617h3t,mfbg,3,6,mzd,bokokohï,FALSE,0,0,mbd,1,3x1
n82s617h3t,mfbg,6,7,fzd,vbāžo,FALSE,1,0,fzd,3,3x1
n82s617h3t,mfbg,6,7,mzd,vbāžo,FALSE,0,0,fzd,3,3x1
n82s617h3t,mfbg,6,7,mbd,vbāžo,FALSE,1,0,fzd,3,3x1
n82s617h3t,mfbg,6,7,fbd,vbāžo,FALSE,1,0,fzd,3,3x1
n82s617h3t,mfbg,6,7,mbs,nžodo,FALSE,1,0,mbs,2,3x1
n82s617h3t,mfbg,6,7,fzs,nžodo,FALSE,1,0,mbs,2,3x1
n82s617h3t,mfbg,6,7,fbs,nžodo,FALSE,1,0,mbs,2,3x1
so2ywkynjc,fmgb,4,1,fbs,tuumïhu,FALSE,1,0,fbd,1,2x2
so2ywkynjc,fmgb,4,1,mzs,töeqo,FALSE,1,0,mzd,2,2x2
so2ywkynjc,fmgb,4,1,mbd,töeqo,FALSE,1,0,mzd,2,2x2
so2ywkynjc,fmgb,4,1,fzd,tuumïhu,FALSE,1,0,fbd,1,2x2
so2ywkynjc,fmgb,4,1,fzs,tuumïhu,FALSE,1,0,fbd,1,2x2
so2ywkynjc,fmgb,4,1,fbd,tuumïhu,FALSE,1,0,fbd,1,2x2
so2ywkynjc,fmgb,4,1,mbs,töeqo,FALSE,1,0,mzd,2,2x2
so2ywkynjc,fmgb,8,2,fzd,agivud,FALSE,1,0,fzs,2,2x2
so2ywkynjc,fmgb,8,2,fbs,azuf,FALSE,1,0,mbs,1,2x2
so2ywkynjc,fmgb,8,2,mzs,agivud,FALSE,1,0,fzs,2,2x2
so2ywkynjc,fmgb,8,2,fzs,agivud,FALSE,1,0,fzs,2,2x2
so2ywkynjc,fmgb,8,2,fbd,azuf,FALSE,1,0,mbs,1,2x2
so2ywkynjc,fmgb,8,2,mbd,azuf,FALSE,1,0,mbs,1,2x2
so2ywkynjc,fmgb,8,2,mzd,agivud,FALSE,1,0,fzs,2,2x2
so2ywkynjc,fmgb,6,3,fbs,nyumuo,FALSE,0,0,mbd,1,2x2
so2ywkynjc,fmgb,6,3,fbd,nyumuo,FALSE,0,0,mbd,1,2x2
so2ywkynjc,fmgb,6,3,fzd,nyumuo,FALSE,1,0,mbd,1,2x2
so2ywkynjc,fmgb,6,3,mzs,nyumuo,FALSE,0,0,mbd,1,2x2
so2ywkynjc,fmgb,6,3,mzd,nyumuo,FALSE,0,0,mbd,1,2x2
so2ywkynjc,fmgb,6,3,mbs,nyumuo,FALSE,1,0,mbd,1,2x2
so2ywkynjc,fmgb,6,3,fzs,nyumuo,FALSE,1,0,mbd,1,2x2
so2ywkynjc,fmgb,7,4,mzs,morïky,FALSE,1,1,mbs,2,3x1
so2ywkynjc,fmgb,7,4,mzd,bokokohï,FALSE,0,1,fbd,1,3x1
so2ywkynjc,fmgb,7,4,fzs,morïky,FALSE,1,1,mbs,2,3x1
so2ywkynjc,fmgb,7,4,fbs,morïky,FALSE,0,1,mbs,2,3x1
so2ywkynjc,fmgb,7,4,mbd,bokokohï,FALSE,0,1,fbd,1,3x1
so2ywkynjc,fmgb,7,4,fzd,bokokohï,FALSE,0,1,fbd,1,3x1
so2ywkynjc,fmgb,7,4,mbs,morïky,FALSE,1,1,mbs,2,3x1
so2ywkynjc,fmgb,5,5,fzs,ktåvrhus,FALSE,1,1,fzd,1,3x1
so2ywkynjc,fmgb,5,5,fbd,ktot,FALSE,1,1,fbs,2,3x1
so2ywkynjc,fmgb,5,5,fzd,ktåvrhus,FALSE,1,1,fzd,1,3x1
so2ywkynjc,fmgb,5,5,mbs,ktot,FALSE,1,1,fbs,2,3x1
so2ywkynjc,fmgb,5,5,mzd,ktot,FALSE,1,1,fbs,2,3x1
so2ywkynjc,fmgb,5,5,mzs,ktot,FALSE,1,1,fbs,2,3x1
so2ywkynjc,fmgb,5,5,mbd,ktot,FALSE,1,1,fbs,2,3x1
so2ywkynjc,fmgb,1,6,fbd,aweh,FALSE,1,1,fzd,2,3x1
so2ywkynjc,fmgb,1,6,fzd,aweh,FALSE,1,1,fzd,2,3x1
so2ywkynjc,fmgb,1,6,fzs,aweh,FALSE,1,1,fzd,2,3x1
so2ywkynjc,fmgb,1,6,mbd,uquçun,FALSE,1,1,mbs,1,3x1
so2ywkynjc,fmgb,1,6,mzs,aweh,FALSE,1,1,fzd,2,3x1
so2ywkynjc,fmgb,1,6,fbs,aweh,FALSE,1,1,fzd,2,3x1
so2ywkynjc,fmgb,1,6,mzd,aweh,FALSE,1,1,fzd,2,3x1
so2ywkynjc,fmgb,2,7,fbd,popingi,FALSE,1,1,fzd,2,3x1
so2ywkynjc,fmgb,2,7,fzs,popingi,FALSE,1,1,fzd,2,3x1
so2ywkynjc,fmgb,2,7,fzd,popingi,FALSE,1,1,fzd,2,3x1
so2ywkynjc,fmgb,2,7,mzd,kawuka,FALSE,1,1,mzs,1,3x1
so2ywkynjc,fmgb,2,7,mbd,popingi,FALSE,1,1,fzd,2,3x1
so2ywkynjc,fmgb,2,7,mbs,popingi,FALSE,1,1,fzd,2,3x1
so2ywkynjc,fmgb,2,7,fbs,popingi,FALSE,1,1,fzd,2,3x1
kbnum3y523,fmgb,6,0,mbd,pygele,FALSE,1,1,mzs,1,1
kbnum3y523,fmgb,6,0,mbs,pygele,FALSE,1,1,mzs,1,1
kbnum3y523,fmgb,6,0,b,wupu,FALSE,1,1,z,2,1
kbnum3y523,fmgb,6,0,fzd,pygele,FALSE,1,1,mzs,1,1
kbnum3y523,fmgb,6,0,z,wupu,FALSE,1,1,z,2,1
kbnum3y523,fmgb,6,0,mzd,pygele,FALSE,1,1,mzs,1,1
kbnum3y523,fmgb,6,0,fbs,pygele,FALSE,1,1,mzs,1,1
kbnum3y523,fmgb,6,0,fzs,pygele,FALSE,1,1,mzs,1,1
kbnum3y523,fmgb,6,0,fbd,pygele,FALSE,1,1,mzs,1,1
kbnum3y523,fmgb,2,1,fbd,awupav,FALSE,1,1,fzs,1,2x2
kbnum3y523,fmgb,2,1,fbs,awupav,FALSE,1,1,fzs,1,2x2
kbnum3y523,fmgb,2,1,mbs,agivud,FALSE,1,1,mzd,2,2x2
kbnum3y523,fmgb,2,1,mzd,agivud,FALSE,1,1,mzd,2,2x2
kbnum3y523,fmgb,2,1,mzs,agivud,FALSE,1,1,mzd,2,2x2
kbnum3y523,fmgb,2,1,mbd,agivud,FALSE,1,1,mzd,2,2x2
kbnum3y523,fmgb,2,1,fzd,awupav,FALSE,1,1,fzs,1,2x2
kbnum3y523,fmgb,1,2,mzd,ktot,FALSE,0,0,mbd,1,2x2
kbnum3y523,fmgb,1,2,mbd,ktot,FALSE,1,0,mbd,1,2x2
kbnum3y523,fmgb,1,2,mbs,ktot,FALSE,1,0,mbd,1,2x2
kbnum3y523,fmgb,1,2,fzs,tsåvvses,FALSE,1,0,fzd,2,2x2
kbnum3y523,fmgb,1,2,mzs,ktot,FALSE,0,0,mbd,1,2x2
kbnum3y523,fmgb,1,2,fbd,tsåvvses,FALSE,0,0,fzd,2,2x2
kbnum3y523,fmgb,1,2,fbs,tsåvvses,FALSE,0,0,fzd,2,2x2
kbnum3y523,fmgb,7,3,fzs,męwaqïfe,FALSE,0,1,fbs,2,2x2
kbnum3y523,fmgb,7,3,mbs,męwaqïfe,FALSE,0,1,fbs,2,2x2
kbnum3y523,fmgb,7,3,mbd,kïmy,FALSE,1,1,fzd,1,2x2
kbnum3y523,fmgb,7,3,mzs,męwaqïfe,FALSE,1,1,fbs,2,2x2
kbnum3y523,fmgb,7,3,mzd,kïmy,FALSE,0,1,fzd,1,2x2
kbnum3y523,fmgb,7,3,fbd,kïmy,FALSE,0,1,fzd,1,2x2
kbnum3y523,fmgb,7,3,fzd,kïmy,FALSE,1,1,fzd,1,2x2
kbnum3y523,fmgb,8,4,fzs,canšuehu,FALSE,1,1,mbd,2,3x1
kbnum3y523,fmgb,8,4,mbs,canšuehu,FALSE,1,1,mbd,2,3x1
kbnum3y523,fmgb,8,4,fbd,šïïnö,FALSE,1,1,fbs,1,3x1
kbnum3y523,fmgb,8,4,fzd,canšuehu,FALSE,1,1,mbd,2,3x1
kbnum3y523,fmgb,8,4,fbs,šïïnö,FALSE,1,1,fbs,1,3x1
kbnum3y523,fmgb,8,4,mzs,canšuehu,FALSE,1,1,mbd,2,3x1
kbnum3y523,fmgb,8,4,mzd,canšuehu,FALSE,1,1,mbd,2,3x1
kbnum3y523,fmgb,4,5,mbs,baumiă,FALSE,1,1,fbs,2,3x1
kbnum3y523,fmgb,4,5,fzs,gêă,FALSE,1,1,fzd,1,3x1
kbnum3y523,fmgb,4,5,mbd,baumiă,FALSE,1,1,fbs,2,3x1
kbnum3y523,fmgb,4,5,fzd,gêă,FALSE,1,1,fzd,1,3x1
kbnum3y523,fmgb,4,5,mzd,baumiă,FALSE,1,1,fbs,2,3x1
kbnum3y523,fmgb,4,5,fbd,baumiă,FALSE,1,1,fbs,2,3x1
kbnum3y523,fmgb,4,5,mzs,baumiă,FALSE,1,1,fbs,2,3x1
kbnum3y523,fmgb,5,6,fbd,vbāžo,FALSE,1,0,mzd,2,3x1
kbnum3y523,fmgb,5,6,mzs,vbāžo,FALSE,1,0,mzd,2,3x1
kbnum3y523,fmgb,5,6,fbs,vbāžo,FALSE,1,0,mzd,2,3x1
kbnum3y523,fmgb,5,6,fzs,vbāžo,FALSE,1,0,mzd,2,3x1
kbnum3y523,fmgb,5,6,fzd,vbāžo,FALSE,1,0,mzd,2,3x1
kbnum3y523,fmgb,5,6,mbs,vruži,FALSE,1,0,mbd,1,3x1
kbnum3y523,fmgb,5,6,mzd,vbāžo,FALSE,1,0,mzd,2,3x1
kbnum3y523,fmgb,3,7,fbs,uquçun,FALSE,1,0,mbs,2,3x1
kbnum3y523,fmgb,3,7,mzs,orinoçim,FALSE,1,0,mzs,1,3x1
kbnum3y523,fmgb,3,7,fbd,uquçun,FALSE,1,0,mbs,2,3x1
kbnum3y523,fmgb,3,7,fzs,orinoçim,FALSE,0,0,mzs,1,3x1
kbnum3y523,fmgb,3,7,mzd,orinoçim,FALSE,1,0,mzs,1,3x1
kbnum3y523,fmgb,3,7,mbd,orinoçim,FALSE,0,0,mzs,1,3x1
kbnum3y523,fmgb,3,7,fzd,uquçun,FALSE,1,0,mbs,2,3x1
kbnum3y523,fmgb,3,7,fbd,uquçun,FALSE,1,0,mbs,2,3x1
kbnum3y523,fmgb,3,7,fzs,uquçun,FALSE,1,0,mbs,2,3x1
kbnum3y523,fmgb,3,7,mzd,orinoçim,FALSE,1,0,mzs,1,3x1
kbnum3y523,fmgb,3,7,mbd,orinoçim,FALSE,0,0,mzs,1,3x1
kbnum3y523,fmgb,3,7,fzd,uquçun,FALSE,1,0,mbs,2,3x1
fmxtqnjbuc,mfgb,7,0,mzs,orinoçim,FALSE,1,0,fbd,1,1
fmxtqnjbuc,mfgb,7,0,fbs,orinoçim,FALSE,1,0,fbd,1,1
fmxtqnjbuc,mfgb,7,0,mbd,orinoçim,FALSE,1,0,fbd,1,1
fmxtqnjbuc,mfgb,7,0,fzd,orinoçim,FALSE,1,0,fbd,1,1
fmxtqnjbuc,mfgb,7,0,mbs,orinoçim,FALSE,1,0,fbd,1,1
fmxtqnjbuc,mfgb,7,0,fbd,orinoçim,FALSE,1,0,fbd,1,1
fmxtqnjbuc,mfgb,7,0,b,içiqusem,FALSE,1,0,z,2,1
fmxtqnjbuc,mfgb,7,0,mzd,orinoçim,FALSE,1,0,fbd,1,1
fmxtqnjbuc,mfgb,7,0,fzs,orinoçim,FALSE,1,0,fbd,1,1
fmxtqnjbuc,mfgb,3,1,mbd,bybï,FALSE,1,0,mzd,3,2x2
fmxtqnjbuc,mfgb,3,1,mzd,bybï,FALSE,1,0,mzd,3,2x2
fmxtqnjbuc,mfgb,3,1,fzs,bokokohï,FALSE,1,0,fbs,1,2x2
fmxtqnjbuc,mfgb,3,1,fzd,bybï,FALSE,0,0,mzd,3,2x2
fmxtqnjbuc,mfgb,3,1,mzs,hïlaki,FALSE,1,0,mzs,2,2x2
fmxtqnjbuc,mfgb,3,1,mbs,hïlaki,FALSE,1,0,mzs,2,2x2
fmxtqnjbuc,mfgb,3,1,fbd,bybï,FALSE,0,0,mzd,3,2x2
fmxtqnjbuc,mfgb,5,2,fbs,ozatof,FALSE,1,1,fbs,1,2x2
fmxtqnjbuc,mfgb,5,2,mbd,etupol,FALSE,0,1,mzd,2,2x2
fmxtqnjbuc,mfgb,5,2,fzs,ozatof,FALSE,0,1,fbs,1,2x2
fmxtqnjbuc,mfgb,5,2,mzs,etupol,FALSE,1,1,mzd,2,2x2
fmxtqnjbuc,mfgb,5,2,fbd,ozatof,FALSE,1,1,fbs,1,2x2
fmxtqnjbuc,mfgb,5,2,fzd,ozatof,FALSE,0,1,fbs,1,2x2
fmxtqnjbuc,mfgb,5,2,mbs,etupol,FALSE,0,1,mzd,2,2x2
fmxtqnjbuc,mfgb,4,3,fbd,ngcāžo,FALSE,1,0,fbs,2,2x2
fmxtqnjbuc,mfgb,4,3,fzd,vruži,FALSE,1,0,fzs,1,2x2
fmxtqnjbuc,mfgb,4,3,mzs,ngcāžo,FALSE,1,0,fbs,2,2x2
fmxtqnjbuc,mfgb,4,3,mbs,vruži,FALSE,1,0,fzs,1,2x2
fmxtqnjbuc,mfgb,4,3,mzd,vruži,FALSE,0,0,fzs,1,2x2
fmxtqnjbuc,mfgb,4,3,fbs,ngcāžo,FALSE,1,0,fbs,2,2x2
fmxtqnjbuc,mfgb,4,3,mbd,ngcāžo,FALSE,0,0,fbs,2,2x2
fmxtqnjbuc,mfgb,8,4,mzs,tsåvvses,FALSE,0,0,fbs,1,3x1
fmxtqnjbuc,mfgb,8,4,mbd,smêvskêv,FALSE,1,0,fzs,2,3x1
fmxtqnjbuc,mfgb,8,4,fzd,tsåvvses,FALSE,0,0,fbs,1,3x1
fmxtqnjbuc,mfgb,8,4,fbd,smêvskêv,FALSE,0,0,fzs,2,3x1
fmxtqnjbuc,mfgb,8,4,fzs,smêvskêv,FALSE,1,0,fzs,2,3x1
fmxtqnjbuc,mfgb,8,4,mbs,tsåvvses,FALSE,0,0,fbs,1,3x1
fmxtqnjbuc,mfgb,8,4,mzd,smêvskêv,FALSE,1,0,fzs,2,3x1
fmxtqnjbuc,mfgb,6,5,mzd,cöahido,FALSE,0,1,fzd,1,3x1
fmxtqnjbuc,mfgb,6,5,fzs,beiguumu,FALSE,0,1,fbs,2,3x1
fmxtqnjbuc,mfgb,6,5,mbd,cöahido,FALSE,0,1,fzd,1,3x1
fmxtqnjbuc,mfgb,6,5,fzd,cöahido,FALSE,1,1,fzd,1,3x1
fmxtqnjbuc,mfgb,6,5,mbs,beiguumu,FALSE,1,1,fbs,2,3x1
fmxtqnjbuc,mfgb,6,5,mzs,beiguumu,FALSE,1,1,fbs,2,3x1
fmxtqnjbuc,mfgb,6,5,fbd,cöahido,FALSE,0,1,fzd,1,3x1
fmxtqnjbuc,mfgb,1,6,fbd,lepego,FALSE,1,0,fzd,2,3x1
fmxtqnjbuc,mfgb,1,6,mzs,powisunge,FALSE,0,0,mbd,1,3x1
fmxtqnjbuc,mfgb,1,6,mbs,powisunge,FALSE,1,0,mbd,1,3x1
fmxtqnjbuc,mfgb,1,6,fzd,lepego,FALSE,1,0,fzd,2,3x1
fmxtqnjbuc,mfgb,1,6,mzd,powisunge,FALSE,0,0,mbd,1,3x1
fmxtqnjbuc,mfgb,1,6,fbs,lepego,FALSE,1,0,fzd,2,3x1
fmxtqnjbuc,mfgb,1,6,fzs,lepego,FALSE,1,0,fzd,2,3x1
fmxtqnjbuc,mfgb,2,7,mzd,gêă,FALSE,1,0,mzs,1,3x1
fmxtqnjbuc,mfgb,2,7,mbs,huanăa,FALSE,1,0,mbs,2,3x1
fmxtqnjbuc,mfgb,2,7,fzd,huanăa,FALSE,1,0,mbs,2,3x1
fmxtqnjbuc,mfgb,2,7,mbd,huanăa,FALSE,1,0,mbs,2,3x1
fmxtqnjbuc,mfgb,2,7,fbs,huanăa,FALSE,1,0,mbs,2,3x1
fmxtqnjbuc,mfgb,2,7,fbd,huanăa,FALSE,1,0,mbs,2,3x1
fmxtqnjbuc,mfgb,2,7,fzs,huanăa,FALSE,1,0,mbs,2,3x1
3fs5m6cp2b,mfbg,6,0,fbd,rbāranžā,FALSE,1,0,mzd,1,1
3fs5m6cp2b,mfbg,6,0,mzs,ngcāžo,FALSE,1,0,mzs,3,1
3fs5m6cp2b,mfbg,6,0,z,pžicā,FALSE,1,0,z,2,1
3fs5m6cp2b,mfbg,6,0,mbd,rbāranžā,FALSE,1,0,mzd,1,1
3fs5m6cp2b,mfbg,6,0,b,žbodu,FALSE,1,0,b,4,1
3fs5m6cp2b,mfbg,6,0,fzd,rbāranžā,FALSE,1,0,mzd,1,1
3fs5m6cp2b,mfbg,6,0,fbs,ngcāžo,FALSE,1,0,mzs,3,1
3fs5m6cp2b,mfbg,6,0,mbs,ngcāžo,FALSE,1,0,mzs,3,1
3fs5m6cp2b,mfbg,6,0,fzs,ngcāžo,FALSE,1,0,mzs,3,1
3fs5m6cp2b,mfbg,7,1,fzd,huanăa,FALSE,1,1,fbd,1,2x2
3fs5m6cp2b,mfbg,7,1,mzs,goozăi,FALSE,1,1,mbs,2,2x2
3fs5m6cp2b,mfbg,7,1,fbs,huanăa,FALSE,1,1,fbd,1,2x2
3fs5m6cp2b,mfbg,7,1,mbs,goozăi,FALSE,1,1,mbs,2,2x2
3fs5m6cp2b,mfbg,7,1,mbd,goozăi,FALSE,1,1,mbs,2,2x2
3fs5m6cp2b,mfbg,7,1,mzd,goozăi,FALSE,1,1,mbs,2,2x2
3fs5m6cp2b,mfbg,7,1,fzs,huanăa,FALSE,1,1,fbd,1,2x2
3fs5m6cp2b,mfbg,2,2,fbs,svik,FALSE,1,0,fbd,1,2x2
3fs5m6cp2b,mfbg,2,2,mbs,smêvskêv,FALSE,0,0,mzd,2,2x2
3fs5m6cp2b,mfbg,2,2,mzs,svik,FALSE,0,0,fbd,1,2x2
3fs5m6cp2b,mfbg,2,2,fzd,svik,FALSE,0,0,fbd,1,2x2
3fs5m6cp2b,mfbg,2,2,mzd,smêvskêv,FALSE,1,0,mzd,2,2x2
3fs5m6cp2b,mfbg,2,2,fzs,smêvskêv,FALSE,1,0,mzd,2,2x2
3fs5m6cp2b,mfbg,2,2,fbs,svik,FALSE,1,0,fbd,1,2x2
3fs5m6cp2b,mfbg,2,2,mbs,smêvskêv,FALSE,0,0,mzd,2,2x2
3fs5m6cp2b,mfbg,2,2,mzs,smêvskêv,FALSE,1,0,mzd,2,2x2
3fs5m6cp2b,mfbg,2,2,fzd,svik,FALSE,0,0,fbd,1,2x2
3fs5m6cp2b,mfbg,2,2,fzs,svik,FALSE,0,0,fbd,1,2x2
3fs5m6cp2b,mfbg,2,2,mbd,smêvskêv,FALSE,0,0,mzd,2,2x2
3fs5m6cp2b,mfbg,3,3,fzd,aweh,FALSE,1,1,fzd,1,2x2
3fs5m6cp2b,mfbg,3,3,mbs,içiqusem,FALSE,0,1,mzs,2,2x2
3fs5m6cp2b,mfbg,3,3,mzd,aweh,FALSE,0,1,fzd,1,2x2
3fs5m6cp2b,mfbg,3,3,mbd,aweh,FALSE,1,1,fzd,1,2x2
3fs5m6cp2b,mfbg,3,3,fbs,içiqusem,FALSE,1,1,mzs,2,2x2
3fs5m6cp2b,mfbg,3,3,fzs,içiqusem,FALSE,0,1,mzs,2,2x2
3fs5m6cp2b,mfbg,3,3,fbd,aweh,FALSE,0,1,fzd,1,2x2
3fs5m6cp2b,mfbg,4,4,mzd,męwaqïfe,FALSE,1,1,fzs,2,3x1
3fs5m6cp2b,mfbg,4,4,fbd,kïmy,FALSE,1,1,fbd,1,3x1
3fs5m6cp2b,mfbg,4,4,mbs,męwaqïfe,FALSE,1,1,fzs,2,3x1
3fs5m6cp2b,mfbg,4,4,fbs,męwaqïfe,FALSE,0,1,fzs,2,3x1
3fs5m6cp2b,mfbg,4,4,mbd,męwaqïfe,FALSE,1,1,fzs,2,3x1
3fs5m6cp2b,mfbg,4,4,mzs,męwaqïfe,FALSE,1,1,fzs,2,3x1
3fs5m6cp2b,mfbg,4,4,fzd,męwaqïfe,FALSE,1,1,fzs,2,3x1
3fs5m6cp2b,mfbg,4,4,fbs,kïmy,FALSE,1,1,fbd,1,3x1
3fs5m6cp2b,mfbg,4,4,mbd,męwaqïfe,FALSE,1,1,fzs,2,3x1
3fs5m6cp2b,mfbg,4,4,mzs,męwaqïfe,FALSE,1,1,fzs,2,3x1
3fs5m6cp2b,mfbg,4,4,fzd,męwaqïfe,FALSE,1,1,fzs,2,3x1
3fs5m6cp2b,mfbg,1,5,fbd,awupav,FALSE,1,1,mzd,2,3x1
3fs5m6cp2b,mfbg,1,5,mzd,awupav,FALSE,1,1,mzd,2,3x1
3fs5m6cp2b,mfbg,1,5,fbs,awupav,FALSE,1,1,mzd,2,3x1
3fs5m6cp2b,mfbg,1,5,mbd,awupav,FALSE,1,1,mzd,2,3x1
3fs5m6cp2b,mfbg,1,5,mzs,awupav,FALSE,1,1,mzd,2,3x1
3fs5m6cp2b,mfbg,1,5,mbs,awupav,FALSE,1,1,mzd,2,3x1
3fs5m6cp2b,mfbg,1,5,fzd,ilug,FALSE,1,1,fzs,1,3x1
3fs5m6cp2b,mfbg,8,6,fzd,pygele,FALSE,1,0,fzd,3,3x1
3fs5m6cp2b,mfbg,8,6,fzd,goviku,FALSE,1,0,fbd,2,3x1
3fs5m6cp2b,mfbg,8,6,fbs,luge,FALSE,1,0,fbs,4,3x1
3fs5m6cp2b,mfbg,8,6,fzs,luge,FALSE,1,0,fbs,4,3x1
3fs5m6cp2b,mfbg,8,6,mbs,pygele,FALSE,0,0,fzd,3,3x1
3fs5m6cp2b,mfbg,8,6,mzs,luge,FALSE,1,0,fbs,4,3x1
3fs5m6cp2b,mfbg,8,6,fbd,goviku,FALSE,1,0,fbd,2,3x1
3fs5m6cp2b,mfbg,8,6,mzd,goviku,FALSE,1,0,fbd,2,3x1
3fs5m6cp2b,mfbg,5,7,fbd,canšuehu,FALSE,1,1,mbs,2,3x1
3fs5m6cp2b,mfbg,5,7,fzs,canšuehu,FALSE,1,1,mbs,2,3x1
3fs5m6cp2b,mfbg,5,7,fzd,canšuehu,FALSE,1,1,mbs,2,3x1
3fs5m6cp2b,mfbg,5,7,mbd,canšuehu,FALSE,1,1,mbs,2,3x1
3fs5m6cp2b,mfbg,5,7,mzd,yaöpe,FALSE,1,1,mzd,1,3x1
3fs5m6cp2b,mfbg,5,7,mzs,yaöpe,FALSE,1,1,mzd,1,3x1
3fs5m6cp2b,mfbg,5,7,fbs,canšuehu,FALSE,1,1,mbs,2,3x1
sspwqxgdcc,mfgb,4,0,mbs,idanuluf,FALSE,1,1,mzs,1,1
sspwqxgdcc,mfgb,4,0,fzd,idanuluf,FALSE,1,1,mzs,1,1
sspwqxgdcc,mfgb,4,0,mzd,idanuluf,FALSE,1,1,mzs,1,1
sspwqxgdcc,mfgb,4,0,mbd,idanuluf,FALSE,1,1,mzs,1,1
sspwqxgdcc,mfgb,4,0,z,ozatof,FALSE,1,1,z,2,1
sspwqxgdcc,mfgb,4,0,fbd,idanuluf,FALSE,1,1,mzs,1,1
sspwqxgdcc,mfgb,4,0,fbs,idanuluf,FALSE,1,1,mzs,1,1
sspwqxgdcc,mfgb,4,0,fzs,idanuluf,FALSE,1,1,mzs,1,1
sspwqxgdcc,mfgb,4,0,b,ozatof,FALSE,1,1,z,2,1
sspwqxgdcc,mfgb,8,1,fzs,pžicā,FALSE,1,1,fbd,1,2x2
sspwqxgdcc,mfgb,8,1,fbs,pžicā,FALSE,1,1,fbd,1,2x2
sspwqxgdcc,mfgb,8,1,mbs,ngcāžo,FALSE,1,1,mzs,2,2x2
sspwqxgdcc,mfgb,8,1,fzd,pžicā,FALSE,1,1,fbd,1,2x2
sspwqxgdcc,mfgb,8,1,mzd,ngcāžo,FALSE,1,1,mzs,2,2x2
sspwqxgdcc,mfgb,8,1,mzs,ngcāžo,FALSE,1,1,mzs,2,2x2
sspwqxgdcc,mfgb,8,1,mbd,ngcāžo,FALSE,1,1,mzs,2,2x2
sspwqxgdcc,mfgb,2,2,mbs,morïky,FALSE,1,0,mbd,1,2x2
sspwqxgdcc,mfgb,2,2,mzd,męwaqïfe,FALSE,1,0,fzd,2,2x2
sspwqxgdcc,mfgb,2,2,fbs,morïky,FALSE,1,0,mbd,1,2x2
sspwqxgdcc,mfgb,2,2,mzs,męwaqïfe,FALSE,1,0,fzd,2,2x2
sspwqxgdcc,mfgb,2,2,fzd,męwaqïfe,FALSE,1,0,fzd,2,2x2
sspwqxgdcc,mfgb,2,2,fzs,męwaqïfe,FALSE,1,0,fzd,2,2x2
sspwqxgdcc,mfgb,2,2,fbd,morïky,FALSE,1,0,mbd,1,2x2
sspwqxgdcc,mfgb,3,3,mbd,lawolu,FALSE,1,1,fzs,1,2x2
sspwqxgdcc,mfgb,3,3,fzd,lawolu,FALSE,1,1,fzs,1,2x2
sspwqxgdcc,mfgb,3,3,fbs,goviku,FALSE,1,1,fbd,2,2x2
sspwqxgdcc,mfgb,3,3,mzs,goviku,FALSE,1,1,fbd,2,2x2
sspwqxgdcc,mfgb,3,3,mzd,goviku,FALSE,1,1,fbd,2,2x2
sspwqxgdcc,mfgb,3,3,fzs,lawolu,FALSE,1,1,fzs,1,2x2
sspwqxgdcc,mfgb,3,3,mbs,lawolu,FALSE,1,1,fzs,1,2x2
sspwqxgdcc,mfgb,1,4,mbs,orinoçim,FALSE,1,0,mbs,2,3x1
sspwqxgdcc,mfgb,1,4,mzs,orinoçim,FALSE,1,0,mbs,2,3x1
sspwqxgdcc,mfgb,1,4,fzd,emøyeç,FALSE,0,0,fbs,1,3x1
sspwqxgdcc,mfgb,1,4,mbd,orinoçim,FALSE,1,0,mbs,2,3x1
sspwqxgdcc,mfgb,1,4,fbd,emøyeç,FALSE,1,0,fbs,1,3x1
sspwqxgdcc,mfgb,1,4,fzs,emøyeç,FALSE,0,0,fbs,1,3x1
sspwqxgdcc,mfgb,1,4,mzd,orinoçim,FALSE,1,0,mbs,2,3x1
sspwqxgdcc,mfgb,1,4,fzd,orinoçim,FALSE,1,0,mbs,2,3x1
sspwqxgdcc,mfgb,1,4,mbd,orinoçim,FALSE,1,0,mbs,2,3x1
sspwqxgdcc,mfgb,1,4,fbd,emøyeç,FALSE,1,0,fbs,1,3x1
sspwqxgdcc,mfgb,1,4,fzs,orinoçim,FALSE,1,0,mbs,2,3x1
sspwqxgdcc,mfgb,1,4,mzd,orinoçim,FALSE,1,0,mbs,2,3x1
sspwqxgdcc,mfgb,6,5,fzs,tsåvvses,FALSE,1,1,fzd,1,3x1
sspwqxgdcc,mfgb,6,5,mzd,vrêd,FALSE,1,1,fbs,2,3x1
sspwqxgdcc,mfgb,6,5,mbd,vrêd,FALSE,1,1,fbs,2,3x1
sspwqxgdcc,mfgb,6,5,mzs,vrêd,FALSE,1,1,fbs,2,3x1
sspwqxgdcc,mfgb,6,5,fbs,vrêd,FALSE,1,1,fbs,2,3x1
sspwqxgdcc,mfgb,6,5,fbd,vrêd,FALSE,1,1,fbs,2,3x1
sspwqxgdcc,mfgb,6,5,mbs,vrêd,FALSE,1,1,fbs,2,3x1
sspwqxgdcc,mfgb,5,6,fbd,baumiă,FALSE,1,0,fzd,2,3x1
sspwqxgdcc,mfgb,5,6,fbs,baumiă,FALSE,1,0,fzd,2,3x1
sspwqxgdcc,mfgb,5,6,mzd,baumiă,FALSE,1,0,fzd,2,3x1
sspwqxgdcc,mfgb,5,6,mbs,nyumuo,FALSE,1,0,mbd,1,3x1
sspwqxgdcc,mfgb,5,6,fzs,baumiă,FALSE,1,0,fzd,2,3x1
sspwqxgdcc,mfgb,5,6,fzd,baumiă,FALSE,1,0,fzd,2,3x1
sspwqxgdcc,mfgb,5,6,mzs,baumiă,FALSE,1,0,fzd,2,3x1
sspwqxgdcc,mfgb,7,7,fzs,möïtu,FALSE,1,0,fzd,2,3x1
sspwqxgdcc,mfgb,7,7,fbd,möïtu,FALSE,1,0,fzd,2,3x1
sspwqxgdcc,mfgb,7,7,mbd,möïtu,FALSE,1,0,fzd,2,3x1
sspwqxgdcc,mfgb,7,7,mbs,möïtu,FALSE,1,0,fzd,2,3x1
sspwqxgdcc,mfgb,7,7,fbs,möïtu,FALSE,1,0,fzd,2,3x1
sspwqxgdcc,mfgb,7,7,mzd,nuubö,FALSE,1,0,mzd,1,3x1
sspwqxgdcc,mfgb,7,7,mzs,nuubö,FALSE,1,0,mzd,1,3x1
m9q6e0oj7a,fmbg,5,0,mzd,vruži,FALSE,0,1,z,2,1
m9q6e0oj7a,fmbg,5,0,fbs,ngcāžo,FALSE,1,1,fzs,1,1
m9q6e0oj7a,fmbg,5,0,mbs,ngcāžo,FALSE,1,1,fzs,1,1
m9q6e0oj7a,fmbg,5,0,b,ngcāžo,FALSE,0,1,fzs,1,1
m9q6e0oj7a,fmbg,5,0,fzd,vruži,FALSE,0,1,z,2,1
m9q6e0oj7a,fmbg,5,0,fzs,ngcāžo,FALSE,1,1,fzs,1,1
m9q6e0oj7a,fmbg,5,0,fbd,vruži,FALSE,0,1,z,2,1
m9q6e0oj7a,fmbg,5,0,mbd,vruži,FALSE,0,1,z,2,1
m9q6e0oj7a,fmbg,5,0,mzs,ngcāžo,FALSE,1,1,fzs,1,1
m9q6e0oj7a,fmbg,1,1,mbs,šaaqaude,FALSE,0,1,fbs,1,2x2
m9q6e0oj7a,fmbg,1,1,fzd,yaöpe,FALSE,0,1,mzd,2,2x2
m9q6e0oj7a,fmbg,1,1,fbs,šaaqaude,FALSE,1,1,fbs,1,2x2
m9q6e0oj7a,fmbg,1,1,fzs,šaaqaude,FALSE,1,1,fbs,1,2x2
m9q6e0oj7a,fmbg,1,1,mzs,šaaqaude,FALSE,0,1,fbs,1,2x2
m9q6e0oj7a,fmbg,1,1,mbd,yaöpe,FALSE,1,1,mzd,2,2x2
m9q6e0oj7a,fmbg,1,1,fbd,yaöpe,FALSE,0,1,mzd,2,2x2
m9q6e0oj7a,fmbg,8,2,mbd,gêă,FALSE,0,1,mzd,2,2x2
m9q6e0oj7a,fmbg,8,2,fbs,niuhiê,FALSE,1,1,fbs,3,2x2
eeyykmwnln,fmbg,7,0,z,ktåvrhus,FALSE,1,1,b,2,1
eeyykmwnln,fmbg,7,0,fzd,vrêd,FALSE,1,1,fbd,1,1
eeyykmwnln,fmbg,7,0,mbd,vrêd,FALSE,1,1,fbd,1,1
eeyykmwnln,fmbg,7,0,b,ktåvrhus,FALSE,1,1,b,2,1
eeyykmwnln,fmbg,7,0,mzs,vrêd,FALSE,1,1,fbd,1,1
eeyykmwnln,fmbg,7,0,fzs,vrêd,FALSE,1,1,fbd,1,1
eeyykmwnln,fmbg,7,0,fbs,vrêd,FALSE,1,1,fbd,1,1
eeyykmwnln,fmbg,7,0,mbs,vrêd,FALSE,1,1,fbd,1,1
eeyykmwnln,fmbg,7,0,mzd,vrêd,FALSE,1,1,fbd,1,1
eeyykmwnln,fmbg,6,1,mzs,šaaqaude,FALSE,1,0,mbd,2,2x2
eeyykmwnln,fmbg,6,1,fbd,töeqo,FALSE,1,0,fzd,1,2x2
eeyykmwnln,fmbg,6,1,mzd,šaaqaude,FALSE,1,0,mbd,2,2x2
eeyykmwnln,fmbg,6,1,fbs,töeqo,FALSE,1,0,fzd,1,2x2
eeyykmwnln,fmbg,6,1,fzs,töeqo,FALSE,1,0,fzd,1,2x2
eeyykmwnln,fmbg,6,1,fzd,töeqo,FALSE,1,0,fzd,1,2x2
eeyykmwnln,fmbg,6,1,mbs,šaaqaude,FALSE,1,0,mbd,2,2x2
eeyykmwnln,fmbg,8,2,mzs,taobyo,FALSE,1,0,fzs,2,2x2
eeyykmwnln,fmbg,8,2,fbd,niuhiê,FALSE,1,0,mbs,1,2x2
eeyykmwnln,fmbg,8,2,fbs,niuhiê,FALSE,1,0,mbs,1,2x2
eeyykmwnln,fmbg,8,2,mzd,taobyo,FALSE,1,0,fzs,2,2x2
eeyykmwnln,fmbg,8,2,fzs,taobyo,FALSE,1,0,fzs,2,2x2
eeyykmwnln,fmbg,8,2,mbd,niuhiê,FALSE,1,0,mbs,1,2x2
eeyykmwnln,fmbg,8,2,fzd,taobyo,FALSE,1,0,fzs,2,2x2
eeyykmwnln,fmbg,5,3,fzs,idanuluf,FALSE,1,0,mbs,1,2x2
eeyykmwnln,fmbg,5,3,mzd,awupav,FALSE,1,0,mzs,2,2x2
eeyykmwnln,fmbg,5,3,mbd,idanuluf,FALSE,1,0,mbs,1,2x2
eeyykmwnln,fmbg,5,3,mbs,idanuluf,FALSE,1,0,mbs,1,2x2
eeyykmwnln,fmbg,5,3,fzd,idanuluf,FALSE,1,0,mbs,1,2x2
eeyykmwnln,fmbg,5,3,fbs,awupav,FALSE,1,0,mzs,2,2x2
eeyykmwnln,fmbg,5,3,fbd,awupav,FALSE,1,0,mzs,2,2x2
eeyykmwnln,fmbg,4,4,fbd,cžunge,FALSE,1,0,fbs,1,3x1
eeyykmwnln,fmbg,4,4,mbd,rbāranžā,FALSE,1,0,mzs,2,3x1
eeyykmwnln,fmbg,4,4,fzs,rbāranžā,FALSE,1,0,mzs,2,3x1
eeyykmwnln,fmbg,4,4,fzd,rbāranžā,FALSE,1,0,mzs,2,3x1
eeyykmwnln,fmbg,4,4,mzs,rbāranžā,FALSE,1,0,mzs,2,3x1
eeyykmwnln,fmbg,4,4,mzd,rbāranžā,FALSE,1,0,mzs,2,3x1
eeyykmwnln,fmbg,4,4,mbs,rbāranžā,FALSE,1,0,mzs,2,3x1
eeyykmwnln,fmbg,1,5,mzs,aweh,FALSE,1,1,mbs,2,3x1
eeyykmwnln,fmbg,1,5,mzd,içiqusem,FALSE,0,1,fzd,1,3x1
eeyykmwnln,fmbg,1,5,fbd,içiqusem,FALSE,0,1,fzd,1,3x1
eeyykmwnln,fmbg,1,5,mzd,aweh,FALSE,1,1,mbs,2,3x1
eeyykmwnln,fmbg,1,5,fbd,aweh,FALSE,1,1,mbs,2,3x1
eeyykmwnln,fmbg,1,5,fzs,içiqusem,FALSE,1,1,fzd,1,3x1
eeyykmwnln,fmbg,1,5,fzd,içiqusem,FALSE,1,1,fzd,1,3x1
eeyykmwnln,fmbg,1,5,mbd,aweh,FALSE,1,1,mbs,2,3x1
eeyykmwnln,fmbg,1,5,fbs,aweh,FALSE,1,1,mbs,2,3x1
eeyykmwnln,fmbg,2,6,mbd,goviku,FALSE,1,0,mbs,1,3x1
eeyykmwnln,fmbg,2,6,fbd,lawolu,FALSE,1,0,fbs,2,3x1
eeyykmwnln,fmbg,2,6,mzd,lawolu,FALSE,1,0,fbs,2,3x1
eeyykmwnln,fmbg,2,6,fzs,lawolu,FALSE,1,0,fbs,2,3x1
eeyykmwnln,fmbg,2,6,mzs,lawolu,FALSE,1,0,fbs,2,3x1
eeyykmwnln,fmbg,2,6,fzd,lawolu,FALSE,1,0,fbs,2,3x1
eeyykmwnln,fmbg,2,6,mbs,goviku,FALSE,1,0,mbs,1,3x1
eeyykmwnln,fmbg,3,7,fzd,męwaqïfe,FALSE,1,1,fzs,2,3x1
eeyykmwnln,fmbg,3,7,mbd,męwaqïfe,FALSE,1,1,fzs,2,3x1
eeyykmwnln,fmbg,3,7,mbs,męwaqïfe,FALSE,1,1,fzs,2,3x1
eeyykmwnln,fmbg,3,7,fzs,męwaqïfe,FALSE,1,1,fzs,2,3x1
eeyykmwnln,fmbg,3,7,fbs,męwaqïfe,FALSE,1,1,fzs,2,3x1
eeyykmwnln,fmbg,3,7,mzs,qïru,FALSE,1,1,mzd,1,3x1
eeyykmwnln,fmbg,3,7,fbd,męwaqïfe,FALSE,1,1,fzs,2,3x1
yfc8915946,mfgb,1,0,mbs,hïlaki,FALSE,1,1,mbs,3,1
l8kadkxbkr,mfbg,2,1,mbd,nuubö,FALSE,1,0,mbd,3,2x2
9r62k0regr,mfgb,2,0,fbd,popingi,FALSE,1,1,fbd,3,1
9r62k0regr,mfgb,2,0,fzs,ngapapu,FALSE,1,1,mzs,1,1
9r62k0regr,mfgb,2,0,fbs,lepego,FALSE,1,1,fbs,4,1
9r62k0regr,mfgb,2,0,z,kawuka,FALSE,1,1,z,2,1
9r62k0regr,mfgb,2,0,fzd,popingi,FALSE,1,1,fbd,3,1
9r62k0regr,mfgb,2,0,mbd,popingi,FALSE,1,1,fbd,3,1
9r62k0regr,mfgb,2,0,mbs,lepego,FALSE,1,1,fbs,4,1
9r62k0regr,mfgb,2,0,mzd,popingi,FALSE,1,1,fbd,3,1
9r62k0regr,mfgb,2,0,b,kawuka,FALSE,1,1,z,2,1
9r62k0regr,mfgb,3,1,fzs,sfêvdok,FALSE,1,0,fzs,1,2x2
9r62k0regr,mfgb,3,1,fbs,rhåv,FALSE,1,0,fbs,3,2x2
9r62k0regr,mfgb,3,1,mbd,rhymsvåd,FALSE,1,0,mbd,4,2x2
9r62k0regr,mfgb,3,1,fzd,rhymsvåd,FALSE,0,0,mbd,4,2x2
9r62k0regr,mfgb,3,1,mzs,rhåv,FALSE,0,0,fbs,3,2x2
9r62k0regr,mfgb,3,1,mzd,rhymsvåd,FALSE,1,0,mbd,4,2x2
9r62k0regr,mfgb,3,1,fbd,rhymsvåd,FALSE,0,0,mbd,4,2x2
9r62k0regr,mfgb,8,2,fzs,morïky,FALSE,1,1,fzs,3,2x2
9r62k0regr,mfgb,8,2,mzd,męwaqïfe,FALSE,1,1,fzd,2,2x2
9r62k0regr,mfgb,8,2,mzs,morïky,FALSE,1,1,fzs,3,2x2
9r62k0regr,mfgb,8,2,fbd,bokokohï,FALSE,1,1,fbd,4,2x2
9r62k0regr,mfgb,8,2,mbs,hïlaki,FALSE,1,1,mbs,1,2x2
9r62k0regr,mfgb,8,2,mbd,bokokohï,FALSE,1,1,fbd,4,2x2
9r62k0regr,mfgb,8,2,fbs,hïlaki,FALSE,1,1,mbs,1,2x2
9r62k0regr,mfgb,6,3,fzs,azuf,FALSE,1,0,fzs,3,2x2
0q8bzdvgxy,mfgb,6,0,z,möïtu,FALSE,1,1,b,2,1
0q8bzdvgxy,mfgb,6,0,fbd,yaöpe,FALSE,1,1,mzd,1,1
0q8bzdvgxy,mfgb,6,0,fzd,yaöpe,FALSE,1,1,mzd,1,1
0q8bzdvgxy,mfgb,6,0,mzd,yaöpe,FALSE,1,1,mzd,1,1
0q8bzdvgxy,mfgb,6,0,fzs,šaaqaude,FALSE,1,1,fzs,3,1
0q8bzdvgxy,mfgb,6,0,mbd,yaöpe,FALSE,1,1,mzd,1,1
0q8bzdvgxy,mfgb,6,0,mzs,šaaqaude,FALSE,1,1,fzs,3,1
0q8bzdvgxy,mfgb,6,0,mbs,šaaqaude,FALSE,1,1,fzs,3,1
0q8bzdvgxy,mfgb,6,0,fbs,šaaqaude,FALSE,1,1,fzs,3,1
0q8bzdvgxy,mfgb,7,1,fbs,byure,FALSE,1,0,fzs,1,2x2
0q8bzdvgxy,mfgb,7,1,fzd,cžunge,FALSE,1,0,fzd,3,2x2
0q8bzdvgxy,mfgb,7,1,fbd,cžunge,FALSE,1,0,fzd,3,2x2
0q8bzdvgxy,mfgb,7,1,mbs,vbāžo,FALSE,1,0,mzs,2,2x2
0q8bzdvgxy,mfgb,7,1,mzs,vbāžo,FALSE,1,0,mzs,2,2x2
0q8bzdvgxy,mfgb,7,1,mbd,rbāranžā,FALSE,1,0,mbd,4,2x2
0q8bzdvgxy,mfgb,7,1,mzd,rbāranžā,FALSE,1,0,mbd,4,2x2
0q8bzdvgxy,mfgb,2,2,mbs,baumiă,FALSE,1,0,mbs,3,2x2
0q8bzdvgxy,mfgb,2,2,mbd,nyumuo,FALSE,0,0,mzd,2,2x2
0q8bzdvgxy,mfgb,2,2,fzs,baumiă,FALSE,0,0,mbs,3,2x2
0q8bzdvgxy,mfgb,2,2,fbd,gêă,FALSE,1,0,fbd,1,2x2
0q8bzdvgxy,mfgb,2,2,mzs,baumiă,FALSE,0,0,mbs,3,2x2
0q8bzdvgxy,mfgb,2,2,fzd,gêă,FALSE,0,0,fbd,1,2x2
0q8bzdvgxy,mfgb,2,2,fzd,gêă,FALSE,0,0,fbd,1,2x2
0q8bzdvgxy,mfgb,2,2,fzd,nyumuo,FALSE,1,0,mzd,2,2x2
0q8bzdvgxy,mfgb,2,2,fbs,baumiă,FALSE,1,0,mbs,3,2x2
0q8bzdvgxy,mfgb,5,3,fbd,zuvewu,FALSE,1,1,mzd,2,2x2
0q8bzdvgxy,mfgb,5,3,fzd,hïlaki,FALSE,1,1,fzd,3,2x2
0q8bzdvgxy,mfgb,5,3,fzs,morïky,FALSE,1,1,mbs,1,2x2
0q8bzdvgxy,mfgb,5,3,fbs,ryvïri,FALSE,1,1,fbs,4,2x2
0q8bzdvgxy,mfgb,5,3,mzs,ryvïri,FALSE,1,1,fbs,4,2x2
0q8bzdvgxy,mfgb,5,3,mzd,zuvewu,FALSE,1,1,mzd,2,2x2
0q8bzdvgxy,mfgb,5,3,mbd,hïlaki,FALSE,1,1,fzd,3,2x2
0q8bzdvgxy,mfgb,3,4,fzd,içiqusem,FALSE,1,1,mzd,2,3x1
0q8bzdvgxy,mfgb,3,4,fbd,emøyeç,FALSE,1,1,fbs,1,3x1
0q8bzdvgxy,mfgb,3,4,fzs,içiqusem,FALSE,1,1,mzd,2,3x1
0q8bzdvgxy,mfgb,3,4,mbs,içiqusem,FALSE,1,1,mzd,2,3x1
0q8bzdvgxy,mfgb,3,4,mzs,içiqusem,FALSE,1,1,mzd,2,3x1
0q8bzdvgxy,mfgb,3,4,mbd,içiqusem,FALSE,1,1,mzd,2,3x1
0q8bzdvgxy,mfgb,3,4,fbs,emøyeç,FALSE,1,1,fbs,1,3x1
0q8bzdvgxy,mfgb,4,5,mbd,etupol,FALSE,1,1,mbd,2,3x1
0q8bzdvgxy,mfgb,4,5,mbs,ozatof,FALSE,0,1,fzs,1,3x1
0q8bzdvgxy,mfgb,4,5,mbs,awupav,FALSE,1,1,mbs,3,3x1
0q8bzdvgxy,mfgb,4,5,mbs,ozatof,FALSE,0,1,fzs,1,3x1
0q8bzdvgxy,mfgb,4,5,mbs,awupav,FALSE,1,1,mbs,3,3x1
0q8bzdvgxy,mfgb,4,5,fbs,awupav,FALSE,1,1,mbs,3,3x1
0q8bzdvgxy,mfgb,4,5,mzd,etupol,FALSE,1,1,mbd,2,3x1
0q8bzdvgxy,mfgb,4,5,fbd,etupol,FALSE,1,1,mbd,2,3x1
wa2j69ws6s,fmbg,5,0,fbd,adeçim,FALSE,1,1,mzs,1,1
wa2j69ws6s,fmbg,5,0,mzs,adeçim,FALSE,1,1,mzs,1,1
wa2j69ws6s,fmbg,5,0,mbd,adeçim,FALSE,1,1,mzs,1,1
wa2j69ws6s,fmbg,5,0,fzs,adeçim,FALSE,1,1,mzs,1,1
wa2j69ws6s,fmbg,5,0,mbs,adeçim,FALSE,1,1,mzs,1,1
wa2j69ws6s,fmbg,5,0,b,emøyeç,FALSE,1,1,z,2,1
wa2j69ws6s,fmbg,5,0,mzd,adeçim,FALSE,1,1,mzs,1,1
wa2j69ws6s,fmbg,5,0,fbs,adeçim,FALSE,1,1,mzs,1,1
wa2j69ws6s,fmbg,5,0,fzd,adeçim,FALSE,1,1,mzs,1,1
wa2j69ws6s,fmbg,2,1,mzs,morïky,FALSE,1,0,mbs,2,2x2
wa2j69ws6s,fmbg,2,1,mzd,morïky,FALSE,1,0,mbs,2,2x2
wa2j69ws6s,fmbg,2,1,fzd,bybï,FALSE,1,0,fzs,1,2x2
wa2j69ws6s,fmbg,2,1,fbd,bybï,FALSE,1,0,fzs,1,2x2
wa2j69ws6s,fmbg,2,1,mbd,morïky,FALSE,1,0,mbs,2,2x2
wa2j69ws6s,fmbg,2,1,fbs,bybï,FALSE,1,0,fzs,1,2x2
wa2j69ws6s,fmbg,2,1,mbs,morïky,FALSE,1,0,mbs,2,2x2
wa2j69ws6s,fmbg,7,2,mbs,sfêvdok,FALSE,1,1,fbs,1,2x2
wa2j69ws6s,fmbg,7,2,fbd,sfêvdok,FALSE,1,1,fbs,1,2x2
wa2j69ws6s,fmbg,7,2,fzd,kvurddåh,FALSE,1,1,mzd,2,2x2
wa2j69ws6s,fmbg,7,2,fzs,kvurddåh,FALSE,1,1,mzd,2,2x2
wa2j69ws6s,fmbg,7,2,fbs,sfêvdok,FALSE,1,1,fbs,1,2x2
wa2j69ws6s,fmbg,7,2,mzs,kvurddåh,FALSE,1,1,mzd,2,2x2
wa2j69ws6s,fmbg,7,2,mbd,sfêvdok,FALSE,1,1,fbs,1,2x2
wa2j69ws6s,fmbg,4,3,mbs,gêă,FALSE,0,0,fbd,2,2x2
wa2j69ws6s,fmbg,4,3,fzd,taobyo,FALSE,1,0,fzd,1,2x2
wa2j69ws6s,fmbg,4,3,mzd,taobyo,FALSE,0,0,fzd,1,2x2
wa2j69ws6s,fmbg,4,3,fzs,taobyo,FALSE,1,0,fzd,1,2x2
wa2j69ws6s,fmbg,4,3,mbd,gêă,FALSE,0,0,fbd,2,2x2
wa2j69ws6s,fmbg,4,3,mzs,taobyo,FALSE,0,0,fzd,1,2x2
wa2j69ws6s,fmbg,4,3,fbs,gêă,FALSE,1,0,fbd,2,2x2
wa2j69ws6s,fmbg,3,4,mbd,šïïnö,FALSE,1,1,mbs,2,3x1
wa2j69ws6s,fmbg,3,4,mzs,šïïnö,FALSE,1,1,mbs,2,3x1
wa2j69ws6s,fmbg,3,4,mbs,šïïnö,FALSE,1,1,mbs,2,3x1
wa2j69ws6s,fmbg,3,4,fzd,šïïnö,FALSE,1,1,mbs,2,3x1
wa2j69ws6s,fmbg,3,4,mzd,šïïnö,FALSE,1,1,mbs,2,3x1
wa2j69ws6s,fmbg,3,4,fzs,šïïnö,FALSE,1,1,mbs,2,3x1
wa2j69ws6s,fmbg,3,4,fbs,tuumïhu,FALSE,1,1,fbd,1,3x1
wa2j69ws6s,fmbg,8,5,fbs,žbodu,FALSE,1,0,mzd,2,3x1
wa2j69ws6s,fmbg,8,5,fbs,žbodu,FALSE,1,0,mzd,2,3x1
wa2j69ws6s,fmbg,8,5,mbs,žbodu,FALSE,1,0,mzd,2,3x1
wa2j69ws6s,fmbg,8,5,mbd,žbodu,FALSE,1,0,mzd,2,3x1
wa2j69ws6s,fmbg,8,5,mzd,žbodu,FALSE,1,0,mzd,2,3x1
wa2j69ws6s,fmbg,8,5,fzs,pžicā,FALSE,1,0,fzd,1,3x1
wa2j69ws6s,fmbg,8,5,mzs,žbodu,FALSE,1,0,mzd,2,3x1
wa2j69ws6s,fmbg,8,5,fbd,žbodu,FALSE,1,0,mzd,2,3x1
wa2j69ws6s,fmbg,6,6,fbs,egezalat,FALSE,1,0,mzs,2,3x1
wa2j69ws6s,fmbg,6,6,mbd,awupav,FALSE,1,0,mbs,1,3x1
wa2j69ws6s,fmbg,6,6,mzs,egezalat,FALSE,1,0,mzs,2,3x1
wa2j69ws6s,fmbg,6,6,fzs,egezalat,FALSE,1,0,mzs,2,3x1
wa2j69ws6s,fmbg,6,6,fbd,egezalat,FALSE,1,0,mzs,2,3x1
wa2j69ws6s,fmbg,6,6,fzd,egezalat,FALSE,1,0,mzs,2,3x1
wa2j69ws6s,fmbg,6,6,mzd,egezalat,FALSE,1,0,mzs,2,3x1
wa2j69ws6s,fmbg,1,7,fbd,luge,FALSE,1,0,fbd,2,3x1
wa2j69ws6s,fmbg,1,7,fbs,luge,FALSE,1,0,fbd,2,3x1
wa2j69ws6s,fmbg,1,7,mzs,luge,FALSE,0,0,fbd,2,3x1
wa2j69ws6s,fmbg,1,7,fzs,luge,FALSE,1,0,fbd,2,3x1
wa2j69ws6s,fmbg,1,7,fzd,lepego,FALSE,0,0,mzd,1,3x1
wa2j69ws6s,fmbg,1,7,mbs,luge,FALSE,1,0,fbd,2,3x1
wa2j69ws6s,fmbg,1,7,mbd,lepego,FALSE,0,0,mzd,1,3x1
rxzy9xwpkp,fmbg,7,0,fbd,baumiă,FALSE,1,0,mbs,1,1
rxzy9xwpkp,fmbg,7,0,fbs,baumiă,FALSE,1,0,mbs,1,1
rxzy9xwpkp,fmbg,7,0,mzs,baumiă,FALSE,1,0,mbs,1,1
rxzy9xwpkp,fmbg,7,0,fzd,baumiă,FALSE,1,0,mbs,1,1
rxzy9xwpkp,fmbg,7,0,fzs,baumiă,FALSE,1,0,mbs,1,1
rxzy9xwpkp,fmbg,7,0,mbd,baumiă,FALSE,1,0,mbs,1,1
rxzy9xwpkp,fmbg,7,0,z,baumiă,FALSE,0,0,mbs,1,1
rxzy9xwpkp,fmbg,7,0,mzd,baumiă,FALSE,1,0,mbs,1,1
rxzy9xwpkp,fmbg,7,0,mbs,baumiă,FALSE,1,0,mbs,1,1
rxzy9xwpkp,fmbg,4,1,fzd,uquçun,FALSE,1,0,fbs,1,2x2
rxzy9xwpkp,fmbg,4,1,mbd,orinoçim,FALSE,1,0,mbs,2,2x2
rxzy9xwpkp,fmbg,4,1,mbs,orinoçim,FALSE,1,0,mbs,2,2x2
rxzy9xwpkp,fmbg,4,1,mzd,orinoçim,FALSE,1,0,mbs,2,2x2
rxzy9xwpkp,fmbg,4,1,fzs,uquçun,FALSE,1,0,fbs,1,2x2
rxzy9xwpkp,fmbg,4,1,mzs,orinoçim,FALSE,1,0,mbs,2,2x2
rxzy9xwpkp,fmbg,4,1,fbd,uquçun,FALSE,1,0,fbs,1,2x2
rxzy9xwpkp,fmbg,3,2,mzs,morïky,FALSE,0,1,mbs,1,2x2
rxzy9xwpkp,fmbg,3,2,fbs,morïky,FALSE,1,1,mbs,1,2x2
rxzy9xwpkp,fmbg,3,2,fzd,kïmy,FALSE,1,1,fzd,2,2x2
rxzy9xwpkp,fmbg,3,2,fbd,kïmy,FALSE,0,1,fzd,2,2x2
rxzy9xwpkp,fmbg,3,2,mbd,kïmy,FALSE,0,1,fzd,2,2x2
rxzy9xwpkp,fmbg,3,2,mzd,kïmy,FALSE,1,1,fzd,2,2x2
rxzy9xwpkp,fmbg,3,2,mbd,hïlaki,FALSE,1,1,mbd,3,2x2
rxzy9xwpkp,fmbg,3,2,mzd,hïlaki,FALSE,0,1,mbd,3,2x2
rxzy9xwpkp,fmbg,3,2,fzs,hïlaki,FALSE,0,1,mbd,3,2x2
rxzy9xwpkp,fmbg,8,3,mbd,agivud,FALSE,1,0,mbd,3,2x2
rxzy9xwpkp,fmbg,8,3,mzd,agivud,FALSE,0,0,mbd,3,2x2
rxzy9xwpkp,fmbg,8,3,fbd,egezalat,FALSE,1,0,fbd,4,2x2
rxzy9xwpkp,fmbg,8,3,fzd,egezalat,FALSE,0,0,fbd,4,2x2
rxzy9xwpkp,fmbg,8,3,mbs,etupol,FALSE,1,0,mbs,1,2x2
rxzy9xwpkp,fmbg,8,3,mzs,etupol,FALSE,0,0,mbs,1,2x2
rxzy9xwpkp,fmbg,8,3,fzs,idanuluf,FALSE,0,0,fbs,2,2x2
rxzy9xwpkp,fmbg,1,4,fzd,rhymsvåd,FALSE,1,0,fzd,2,3x1
rxzy9xwpkp,fmbg,1,4,fzs,rhymsvåd,FALSE,1,0,fzd,2,3x1
rxzy9xwpkp,fmbg,1,4,mbd,rhymsvåd,FALSE,1,0,fzd,2,3x1
rxzy9xwpkp,fmbg,1,4,fbs,smêvskêv,FALSE,1,0,fbd,1,3x1
rxzy9xwpkp,fmbg,1,4,mbs,rhymsvåd,FALSE,1,0,fzd,2,3x1
rxzy9xwpkp,fmbg,1,4,mzs,rhymsvåd,FALSE,1,0,fzd,2,3x1
rxzy9xwpkp,fmbg,1,4,mzd,rhymsvåd,FALSE,1,0,fzd,2,3x1
rxzy9xwpkp,fmbg,5,5,fbs,pžicā,FALSE,0,0,fzd,1,3x1
rxzy9xwpkp,fmbg,5,5,mzs,vropcāre,FALSE,1,0,mbd,2,3x1
rxzy9xwpkp,fmbg,5,5,mbs,pžicā,FALSE,0,0,fzd,1,3x1
rxzy9xwpkp,fmbg,5,5,fbd,vropcāre,FALSE,1,0,mbd,2,3x1
rxzy9xwpkp,fmbg,5,5,mbd,vropcāre,FALSE,1,0,mbd,2,3x1
rxzy9xwpkp,fmbg,5,5,mzd,pžicā,FALSE,0,0,fzd,1,3x1
rxzy9xwpkp,fmbg,5,5,fzs,pžicā,FALSE,1,0,fzd,1,3x1
rxzy9xwpkp,fmbg,5,5,mzd,vropcāre,FALSE,1,0,mbd,2,3x1
rxzy9xwpkp,fmbg,5,5,fzs,pžicā,FALSE,1,0,fzd,1,3x1
rxzy9xwpkp,fmbg,2,6,fbs,goviku,FALSE,1,1,fzs,2,3x1
rxzy9xwpkp,fmbg,2,6,mbs,luge,FALSE,1,1,mbd,1,3x1
rxzy9xwpkp,fmbg,2,6,fzd,goviku,FALSE,1,1,fzs,2,3x1
rxzy9xwpkp,fmbg,2,6,mbd,luge,FALSE,1,1,mbd,1,3x1
rxzy9xwpkp,fmbg,2,6,mzs,wupu,FALSE,1,1,mzs,3,3x1
rxzy9xwpkp,fmbg,2,6,fbd,wupu,FALSE,1,1,mzs,3,3x1
rxzy9xwpkp,fmbg,2,6,mzs,goviku,FALSE,1,1,fzs,2,3x1
rxzy9xwpkp,fmbg,2,6,fbd,goviku,FALSE,1,1,fzs,2,3x1
rxzy9xwpkp,fmbg,2,6,mzs,luge,FALSE,0,1,mbd,1,3x1
rxzy9xwpkp,fmbg,2,6,fbd,luge,FALSE,0,1,mbd,1,3x1
rxzy9xwpkp,fmbg,2,6,fbd,wupu,FALSE,1,1,mzs,3,3x1
rxzy9xwpkp,fmbg,2,6,fbd,goviku,FALSE,1,1,fzs,2,3x1
rxzy9xwpkp,fmbg,2,6,mzd,wupu,FALSE,1,1,mzs,3,3x1
rxzy9xwpkp,fmbg,6,7,fbs,tuumïhu,FALSE,0,0,mzs,1,3x1
rxzy9xwpkp,fmbg,6,7,fbs,cöahido,FALSE,1,0,mbs,2,3x1
rxzy9xwpkp,fmbg,6,7,fbd,töeqo,FALSE,1,0,fbd,3,3x1
rxzy9xwpkp,fmbg,6,7,mzd,töeqo,FALSE,0,0,fbd,3,3x1
rxzy9xwpkp,fmbg,6,7,fzd,töeqo,FALSE,1,0,fbd,3,3x1
rxzy9xwpkp,fmbg,6,7,mbs,cöahido,FALSE,1,0,mbs,2,3x1
rxzy9xwpkp,fmbg,6,7,mbd,töeqo,FALSE,1,0,fbd,3,3x1
rxzy9xwpkp,fmbg,6,7,fbs,tuumïhu,FALSE,0,0,mzs,1,3x1
rxzy9xwpkp,fmbg,6,7,fbs,töeqo,FALSE,1,0,fbd,3,3x1
rxzy9xwpkp,fmbg,6,7,fbs,cöahido,FALSE,1,0,mbs,2,3x1
rxzy9xwpkp,fmbg,6,7,fbd,töeqo,FALSE,1,0,fbd,3,3x1
rxzy9xwpkp,fmbg,6,7,mzd,töeqo,FALSE,0,0,fbd,3,3x1
rxzy9xwpkp,fmbg,6,7,fzd,töeqo,FALSE,1,0,fbd,3,3x1
rxzy9xwpkp,fmbg,6,7,mbd,töeqo,FALSE,1,0,fbd,3,3x1
rxzy9xwpkp,fmbg,6,7,fzs,cöahido,FALSE,1,0,mbs,2,3x1
9drp8p96ut,mfbg,7,0,fbs,bybï,FALSE,1,0,mbd,1,1
9drp8p96ut,mfbg,7,0,b,bybï,FALSE,0,0,mbd,1,1
9drp8p96ut,mfbg,7,0,mbd,bybï,FALSE,1,0,mbd,1,1
9drp8p96ut,mfbg,7,0,mbs,bybï,FALSE,1,0,mbd,1,1
9drp8p96ut,mfbg,7,0,mzd,bybï,FALSE,1,0,mbd,1,1
9drp8p96ut,mfbg,7,0,fbd,bybï,FALSE,1,0,mbd,1,1
9drp8p96ut,mfbg,7,0,fzs,bybï,FALSE,1,0,mbd,1,1
9drp8p96ut,mfbg,7,0,mzs,bybï,FALSE,1,0,mbd,1,1
9drp8p96ut,mfbg,7,0,fzd,bybï,FALSE,1,0,mbd,1,1
9drp8p96ut,mfbg,3,1,mzd,hyonăo,FALSE,1,1,mbd,2,2x2
9drp8p96ut,mfbg,3,1,fbs,nyumuo,FALSE,1,1,fzs,1,2x2
9drp8p96ut,mfbg,3,1,mbs,hyonăo,FALSE,1,1,mbd,2,2x2
9drp8p96ut,mfbg,3,1,mbd,hyonăo,FALSE,1,1,mbd,2,2x2
9drp8p96ut,mfbg,3,1,fzd,nyumuo,FALSE,1,1,fzs,1,2x2
9drp8p96ut,mfbg,3,1,fbd,nyumuo,FALSE,1,1,fzs,1,2x2
9drp8p96ut,mfbg,3,1,mzs,hyonăo,FALSE,1,1,mbd,2,2x2
9drp8p96ut,mfbg,6,2,mbd,šaaqaude,FALSE,1,0,mbs,1,2x2
9drp8p96ut,mfbg,6,2,mzd,töeqo,FALSE,1,0,fzs,2,2x2
9drp8p96ut,mfbg,6,2,mbs,šaaqaude,FALSE,1,0,mbs,1,2x2
9drp8p96ut,mfbg,6,2,mzs,töeqo,FALSE,1,0,fzs,2,2x2
9drp8p96ut,mfbg,6,2,fzd,töeqo,FALSE,1,0,fzs,2,2x2
9drp8p96ut,mfbg,6,2,fbd,šaaqaude,FALSE,1,0,mbs,1,2x2
9drp8p96ut,mfbg,6,2,fbs,šaaqaude,FALSE,1,0,mbs,1,2x2
9drp8p96ut,mfbg,1,3,fzd,øqoç,FALSE,0,0,fbd,2,2x2
9drp8p96ut,mfbg,1,3,mbs,øqoç,FALSE,0,0,fbd,2,2x2
9drp8p96ut,mfbg,1,3,mzd,orinoçim,FALSE,0,0,mbd,1,2x2
9drp8p96ut,mfbg,1,3,fzs,orinoçim,FALSE,1,0,mbd,1,2x2
9drp8p96ut,mfbg,1,3,mzs,øqoç,FALSE,1,0,fbd,2,2x2
9drp8p96ut,mfbg,1,3,fbs,orinoçim,FALSE,0,0,mbd,1,2x2
9drp8p96ut,mfbg,1,3,mbd,orinoçim,FALSE,1,0,mbd,1,2x2
9drp8p96ut,mfbg,2,4,mbs,etupol,FALSE,1,0,mbs,2,3x1
9drp8p96ut,mfbg,2,4,mzd,etupol,FALSE,1,0,mbs,2,3x1
9drp8p96ut,mfbg,2,4,mzs,etupol,FALSE,1,0,mbs,2,3x1
9drp8p96ut,mfbg,2,4,fzs,awupav,FALSE,0,0,fbs,1,3x1
9drp8p96ut,mfbg,2,4,fbd,etupol,FALSE,0,0,mbs,2,3x1
9drp8p96ut,mfbg,2,4,mbd,etupol,FALSE,1,0,mbs,2,3x1
9drp8p96ut,mfbg,2,4,fzd,etupol,FALSE,1,0,mbs,2,3x1
9drp8p96ut,mfbg,5,5,fbs,rbāranžā,FALSE,1,0,mbd,2,3x1
9drp8p96ut,mfbg,5,5,mzs,rbāranžā,FALSE,1,0,mbd,2,3x1
9drp8p96ut,mfbg,5,5,mzd,rbāranžā,FALSE,1,0,mbd,2,3x1
9drp8p96ut,mfbg,5,5,mbs,rbāranžā,FALSE,1,0,mbd,2,3x1
9drp8p96ut,mfbg,5,5,fzd,pžicā,FALSE,1,0,fzd,1,3x1
9drp8p96ut,mfbg,5,5,fbd,rbāranžā,FALSE,1,0,mbd,2,3x1
9drp8p96ut,mfbg,5,5,fzs,pžicā,FALSE,1,0,fzd,1,3x1
9drp8p96ut,mfbg,8,6,mzd,sfêvdok,FALSE,1,1,fbs,2,3x1
9drp8p96ut,mfbg,8,6,mzs,sfêvdok,FALSE,1,1,fbs,2,3x1
9drp8p96ut,mfbg,8,6,fzd,sfêvdok,FALSE,1,1,fbs,2,3x1
9drp8p96ut,mfbg,8,6,mbs,kvurddåh,FALSE,1,1,mbd,1,3x1
9drp8p96ut,mfbg,8,6,fzs,sfêvdok,FALSE,1,1,fbs,2,3x1
9drp8p96ut,mfbg,8,6,fbs,sfêvdok,FALSE,1,1,fbs,2,3x1
9drp8p96ut,mfbg,8,6,fbd,sfêvdok,FALSE,1,1,fbs,2,3x1
9drp8p96ut,mfbg,4,7,fzd,pygele,FALSE,1,0,mbs,2,3x1
9drp8p96ut,mfbg,4,7,mbd,pygele,FALSE,1,0,mbs,2,3x1
9drp8p96ut,mfbg,4,7,fbs,pygele,FALSE,1,0,mbs,2,3x1
9drp8p96ut,mfbg,4,7,mzd,goviku,FALSE,1,0,mzs,1,3x1
9drp8p96ut,mfbg,4,7,mbs,pygele,FALSE,1,0,mbs,2,3x1
9drp8p96ut,mfbg,4,7,fbd,pygele,FALSE,1,0,mbs,2,3x1
9drp8p96ut,mfbg,4,7,fzs,pygele,FALSE,1,0,mbs,2,3x1
6xbr38yopd,fmgb,6,0,mbd,smêvskêv,FALSE,1,0,fzs,1,1
6xbr38yopd,fmgb,6,0,mzs,smêvskêv,FALSE,1,0,fzs,1,1
6xbr38yopd,fmgb,6,0,z,sfêvdok,FALSE,1,0,z,3,1
6xbr38yopd,fmgb,6,0,b,rhymsvåd,FALSE,1,0,b,2,1
6xbr38yopd,fmgb,6,0,mzd,smêvskêv,FALSE,1,0,fzs,1,1
6xbr38yopd,fmgb,6,0,mbs,smêvskêv,FALSE,1,0,fzs,1,1
6xbr38yopd,fmgb,6,0,fbs,smêvskêv,FALSE,1,0,fzs,1,1
6xbr38yopd,fmgb,6,0,fbd,smêvskêv,FALSE,1,0,fzs,1,1
6xbr38yopd,fmgb,6,0,fzd,smêvskêv,FALSE,1,0,fzs,1,1
6xbr38yopd,fmgb,1,1,fbs,ngapapu,FALSE,1,1,fbs,1,2x2
6xbr38yopd,fmgb,1,1,mbs,kawuka,FALSE,1,1,mzd,2,2x2
6xbr38yopd,fmgb,1,1,mzs,kawuka,FALSE,1,1,mzd,2,2x2
6xbr38yopd,fmgb,1,1,fzs,ngapapu,FALSE,1,1,fbs,1,2x2
6xbr38yopd,fmgb,1,1,fbd,ngapapu,FALSE,1,1,fbs,1,2x2
6xbr38yopd,fmgb,1,1,fzd,ngapapu,FALSE,1,1,fbs,1,2x2
6xbr38yopd,fmgb,1,1,mbd,kawuka,FALSE,1,1,mzd,2,2x2
6xbr38yopd,fmgb,4,2,mzs,içiqusem,FALSE,1,1,fzs,2,2x2
6xbr38yopd,fmgb,4,2,mzd,adeçim,FALSE,0,1,mbd,1,2x2
6xbr38yopd,fmgb,4,2,fzs,içiqusem,FALSE,1,1,fzs,2,2x2
6xbr38yopd,fmgb,4,2,fzd,adeçim,FALSE,0,1,mbd,1,2x2
6xbr38yopd,fmgb,4,2,mbs,içiqusem,FALSE,0,1,fzs,2,2x2
6xbr38yopd,fmgb,4,2,fbd,adeçim,FALSE,1,1,mbd,1,2x2
6xbr38yopd,fmgb,4,2,fbs,içiqusem,FALSE,0,1,fzs,2,2x2
6xbr38yopd,fmgb,3,3,mzs,yaöpe,FALSE,0,1,mbs,1,2x2
6xbr38yopd,fmgb,3,3,fzd,canšuehu,FALSE,0,1,fbd,2,2x2
6xbr38yopd,fmgb,3,3,fbs,yaöpe,FALSE,0,1,mbs,1,2x2
6xbr38yopd,fmgb,3,3,fzs,yaöpe,FALSE,1,1,mbs,1,2x2
6xbr38yopd,fmgb,3,3,mbs,yaöpe,FALSE,1,1,mbs,1,2x2
6xbr38yopd,fmgb,3,3,mbd,canšuehu,FALSE,0,1,fbd,2,2x2
6xbr38yopd,fmgb,3,3,mzd,canšuehu,FALSE,1,1,fbd,2,2x2
6xbr38yopd,fmgb,8,4,mzd,ngcāžo,FALSE,1,1,mzs,2,3x1
6xbr38yopd,fmgb,8,4,fbs,vropcāre,FALSE,1,1,fbd,1,3x1
6xbr38yopd,fmgb,8,4,fzs,ngcāžo,FALSE,1,1,mzs,2,3x1
6xbr38yopd,fmgb,8,4,mbd,ngcāžo,FALSE,1,1,mzs,2,3x1
6xbr38yopd,fmgb,8,4,fbd,vropcāre,FALSE,1,1,fbd,1,3x1
6xbr38yopd,fmgb,8,4,mbs,ngcāžo,FALSE,1,1,mzs,2,3x1
6xbr38yopd,fmgb,8,4,fzd,ngcāžo,FALSE,1,1,mzs,2,3x1
6xbr38yopd,fmgb,7,5,mzd,idanuluf,FALSE,1,0,mbd,2,3x1
6xbr38yopd,fmgb,7,5,mzd,idanuluf,FALSE,1,0,mbd,2,3x1
6xbr38yopd,fmgb,7,5,fbd,idanuluf,FALSE,1,0,mbd,2,3x1
6xbr38yopd,fmgb,7,5,fzd,ozatof,FALSE,1,0,fzd,1,3x1
6xbr38yopd,fmgb,7,5,mbs,idanuluf,FALSE,1,0,mbd,2,3x1
6xbr38yopd,fmgb,7,5,fzs,ozatof,FALSE,1,0,fzd,1,3x1
6xbr38yopd,fmgb,7,5,mzs,idanuluf,FALSE,1,0,mbd,2,3x1
6xbr38yopd,fmgb,7,5,fbs,idanuluf,FALSE,1,0,mbd,2,3x1
6xbr38yopd,fmgb,5,6,fzs,lobowaby,FALSE,1,0,fzs,3,3x1
6xbr38yopd,fmgb,5,6,mzs,kïmy,FALSE,1,0,mzs,4,3x1
6xbr38yopd,fmgb,5,6,fbs,lobowaby,FALSE,1,0,fzs,3,3x1
6xbr38yopd,fmgb,5,6,mzd,hïlaki,FALSE,0,0,mbd,1,3x1
6xbr38yopd,fmgb,5,6,mbd,hïlaki,FALSE,1,0,mbd,1,3x1
6xbr38yopd,fmgb,5,6,mbs,kïmy,FALSE,0,0,mzs,4,3x1
6xbr38yopd,fmgb,5,6,fbd,bokokohï,FALSE,1,0,fzd,2,3x1
6xbr38yopd,fmgb,2,7,fzd,nyumuo,FALSE,1,1,fbd,2,3x1
6xbr38yopd,fmgb,2,7,mzs,huanăa,FALSE,1,1,mzs,1,3x1
ccehyx1t6d,fmgb,5,0,mbs,šïïnö,FALSE,1,1,mzd,1,1
ccehyx1t6d,fmgb,5,0,fzs,šïïnö,FALSE,1,1,mzd,1,1
ccehyx1t6d,fmgb,5,0,mbd,šïïnö,FALSE,1,1,mzd,1,1
ccehyx1t6d,fmgb,5,0,fzd,šïïnö,FALSE,1,1,mzd,1,1
ccehyx1t6d,fmgb,5,0,fbs,šïïnö,FALSE,1,1,mzd,1,1
ccehyx1t6d,fmgb,5,0,fbd,šïïnö,FALSE,1,1,mzd,1,1
ccehyx1t6d,fmgb,5,0,z,yaöpe,FALSE,1,1,z,3,1
ccehyx1t6d,fmgb,5,0,mzs,šïïnö,FALSE,1,1,mzd,1,1
ccehyx1t6d,fmgb,5,0,mzd,šïïnö,FALSE,1,1,mzd,1,1
ccehyx1t6d,fmgb,3,1,fbd,egezalat,FALSE,1,0,fbs,1,2x2
ccehyx1t6d,fmgb,3,1,fzd,egezalat,FALSE,1,0,fbs,1,2x2
ccehyx1t6d,fmgb,3,1,mbs,otev,FALSE,1,0,mzs,2,2x2
ccehyx1t6d,fmgb,3,1,mzd,otev,FALSE,1,0,mzs,2,2x2
ccehyx1t6d,fmgb,3,1,mzs,otev,FALSE,1,0,mzs,2,2x2
ccehyx1t6d,fmgb,3,1,fzs,egezalat,FALSE,1,0,fbs,1,2x2
ccehyx1t6d,fmgb,3,1,mbd,otev,FALSE,1,0,mzs,2,2x2
ccehyx1t6d,fmgb,7,2,mbs,goviku,FALSE,0,1,mzs,2,2x2
ccehyx1t6d,fmgb,7,2,fbs,pygele,FALSE,1,1,fbd,1,2x2
ccehyx1t6d,fmgb,7,2,mbd,goviku,FALSE,0,1,mzs,2,2x2
ccehyx1t6d,fmgb,7,2,fzd,pygele,FALSE,0,1,fbd,1,2x2
ccehyx1t6d,fmgb,7,2,mzs,goviku,FALSE,1,1,mzs,2,2x2
ccehyx1t6d,fmgb,7,2,mzd,goviku,FALSE,1,1,mzs,2,2x2
ccehyx1t6d,fmgb,7,2,fzs,pygele,FALSE,0,1,fbd,1,2x2
ccehyx1t6d,fmgb,6,3,fzs,nžodo,FALSE,1,1,mbs,1,2x2
ccehyx1t6d,fmgb,6,3,fbs,nžodo,FALSE,0,1,mbs,1,2x2
ccehyx1t6d,fmgb,6,3,mzs,vropcāre,FALSE,1,1,mzd,2,2x2
ccehyx1t6d,fmgb,6,3,mbd,nžodo,FALSE,1,1,mbs,1,2x2
ccehyx1t6d,fmgb,6,3,fzd,nžodo,FALSE,1,1,mbs,1,2x2
ccehyx1t6d,fmgb,6,3,mbs,nžodo,FALSE,1,1,mbs,1,2x2
ccehyx1t6d,fmgb,6,3,fbd,nžodo,FALSE,0,1,mbs,1,2x2
ccehyx1t6d,fmgb,2,4,mzd,qăo,FALSE,1,0,mzs,2,3x1
ccehyx1t6d,fmgb,2,4,fzd,gêă,FALSE,0,0,fbs,1,3x1
ccehyx1t6d,fmgb,2,4,fzs,gêă,FALSE,0,0,fbs,1,3x1
ccehyx1t6d,fmgb,2,4,mzs,qăo,FALSE,1,0,mzs,2,3x1
ccehyx1t6d,fmgb,2,4,mbs,qăo,FALSE,1,0,mzs,2,3x1
ccehyx1t6d,fmgb,2,4,fbd,gêă,FALSE,1,0,fbs,1,3x1
ccehyx1t6d,fmgb,2,4,mbd,qăo,FALSE,1,0,mzs,2,3x1
ccehyx1t6d,fmgb,8,5,mzd,rhåv,FALSE,0,1,fzd,1,3x1
ccehyx1t6d,fmgb,8,5,fzs,tsåvvses,FALSE,0,1,fbs,2,3x1
ccehyx1t6d,fmgb,8,5,mzs,tsåvvses,FALSE,1,1,fbs,2,3x1
ccehyx1t6d,fmgb,8,5,fbs,tsåvvses,FALSE,1,1,fbs,2,3x1
ccehyx1t6d,fmgb,8,5,fbd,rhåv,FALSE,0,1,fzd,1,3x1
ccehyx1t6d,fmgb,8,5,mbd,rhåv,FALSE,0,1,fzd,1,3x1
ccehyx1t6d,fmgb,8,5,mbs,tsåvvses,FALSE,1,1,fbs,2,3x1
ccehyx1t6d,fmgb,1,6,mzd,hïlaki,FALSE,1,0,fbs,2,3x1
ccehyx1t6d,fmgb,1,6,fbd,hïlaki,FALSE,1,0,fbs,2,3x1
ccehyx1t6d,fmgb,1,6,mbd,morïky,FALSE,1,0,mbs,1,3x1
ccehyx1t6d,fmgb,1,6,fzd,hïlaki,FALSE,1,0,fbs,2,3x1
ccehyx1t6d,fmgb,1,6,fzs,hïlaki,FALSE,1,0,fbs,2,3x1
ccehyx1t6d,fmgb,1,6,mzs,morïky,FALSE,0,0,mbs,1,3x1
ccehyx1t6d,fmgb,1,6,mbs,morïky,FALSE,1,0,mbs,1,3x1
ccehyx1t6d,fmgb,4,7,fzd,emøyeç,FALSE,1,1,fzd,2,3x1
ccehyx1t6d,fmgb,4,7,mbs,iqur,FALSE,0,1,mzs,1,3x1
ccehyx1t6d,fmgb,4,7,mbd,iqur,FALSE,0,1,mzs,1,3x1
ccehyx1t6d,fmgb,4,7,fbd,emøyeç,FALSE,1,1,fzd,2,3x1
ccehyx1t6d,fmgb,4,7,fbs,emøyeç,FALSE,1,1,fzd,2,3x1
ccehyx1t6d,fmgb,4,7,fzs,emøyeç,FALSE,1,1,fzd,2,3x1
ccehyx1t6d,fmgb,4,7,mzd,iqur,FALSE,1,1,mzs,1,3x1
zmpvzne4pl,fmbg,8,0,mbs,töeqo,FALSE,0,0,b,2,1
zmpvzne4pl,fmbg,8,0,mbd,canšuehu,FALSE,1,0,fbs,1,1
zmpvzne4pl,fmbg,8,0,mzd,canšuehu,FALSE,1,0,fbs,1,1
zmpvzne4pl,fmbg,8,0,z,canšuehu,FALSE,0,0,fbs,1,1
zmpvzne4pl,fmbg,8,0,fzs,töeqo,FALSE,0,0,b,2,1
zmpvzne4pl,fmbg,8,0,fzd,canšuehu,FALSE,1,0,fbs,1,1
zmpvzne4pl,fmbg,8,0,b,töeqo,FALSE,1,0,b,2,1
zmpvzne4pl,fmbg,8,0,mzs,töeqo,FALSE,0,0,b,2,1
zmpvzne4pl,fmbg,8,0,fbd,canšuehu,FALSE,1,0,fbs,1,1
zmpvzne4pl,fmbg,4,1,fbd,aweh,FALSE,1,0,fzd,1,2x2
zmpvzne4pl,fmbg,4,1,mzd,içiqusem,FALSE,1,0,mbd,2,2x2
zmpvzne4pl,fmbg,4,1,mbs,ømenad,FALSE,1,0,mbs,3,2x2
zmpvzne4pl,fmbg,4,1,fzs,içiqusem,FALSE,0,0,mbd,2,2x2
zmpvzne4pl,fmbg,4,1,fzd,aweh,FALSE,1,0,fzd,1,2x2
zmpvzne4pl,fmbg,4,1,mzs,ømenad,FALSE,1,0,mbs,3,2x2
zmpvzne4pl,fmbg,4,1,fbs,içiqusem,FALSE,0,0,mbd,2,2x2
zmpvzne4pl,fmbg,2,2,mzs,pžicā,FALSE,1,0,mzs,3,2x2
zmpvzne4pl,fmbg,2,2,fbd,cžunge,FALSE,0,0,mzd,2,2x2
zmpvzne4pl,fmbg,2,2,mbd,nžodo,FALSE,1,0,mbd,1,2x2
zmpvzne4pl,fmbg,2,2,fzs,pžicā,FALSE,1,0,mzs,3,2x2
zmpvzne4pl,fmbg,2,2,mbs,pžicā,FALSE,0,0,mzs,3,2x2
zmpvzne4pl,fmbg,2,2,fzd,cžunge,FALSE,1,0,mzd,2,2x2
zmpvzne4pl,fmbg,2,2,fbs,pžicā,FALSE,0,0,mzs,3,2x2
zmpvzne4pl,fmbg,5,3,mbd,wupu,FALSE,0,1,mzd,2,2x2
zmpvzne4pl,fmbg,5,3,fbd,wupu,FALSE,1,1,mzd,2,2x2
zmpvzne4pl,fmbg,5,3,mzs,lepego,FALSE,0,1,mbs,1,2x2
zmpvzne4pl,fmbg,5,3,fzs,lepego,FALSE,1,1,mbs,1,2x2
zmpvzne4pl,fmbg,5,3,fbs,lepego,FALSE,0,1,mbs,1,2x2
zmpvzne4pl,fmbg,5,3,fzd,wupu,FALSE,0,1,mzd,2,2x2
zmpvzne4pl,fmbg,5,3,mzd,wupu,FALSE,1,1,mzd,2,2x2
zmpvzne4pl,fmbg,7,4,mbd,etupol,FALSE,1,1,fzs,2,3x1
zmpvzne4pl,fmbg,7,4,fbs,etupol,FALSE,0,1,fzs,2,3x1
zmpvzne4pl,fmbg,7,4,mzs,egezalat,FALSE,0,1,fbd,1,3x1
zmpvzne4pl,fmbg,7,4,mbs,etupol,FALSE,1,1,fzs,2,3x1
zmpvzne4pl,fmbg,7,4,fzs,etupol,FALSE,1,1,fzs,2,3x1
zmpvzne4pl,fmbg,7,4,mzd,etupol,FALSE,1,1,fzs,2,3x1
zmpvzne4pl,fmbg,7,4,fzd,egezalat,FALSE,0,1,fbd,1,3x1
zmpvzne4pl,fmbg,3,5,mbs,lobowaby,FALSE,0,0,fzs,1,3x1
zmpvzne4pl,fmbg,3,5,mbd,hïlaki,FALSE,1,0,mzs,2,3x1
zmpvzne4pl,fmbg,3,5,fbd,hïlaki,FALSE,1,0,mzs,2,3x1
zmpvzne4pl,fmbg,3,5,mzd,hïlaki,FALSE,1,0,mzs,2,3x1
zmpvzne4pl,fmbg,3,5,fzd,lobowaby,FALSE,1,0,fzs,1,3x1
zmpvzne4pl,fmbg,3,5,fbs,lobowaby,FALSE,0,0,fzs,1,3x1
zmpvzne4pl,fmbg,3,5,mzs,hïlaki,FALSE,1,0,mzs,2,3x1
zmpvzne4pl,fmbg,6,6,mzd,gêă,FALSE,1,0,fbd,2,3x1
zmpvzne4pl,fmbg,6,6,mzs,nyumuo,FALSE,1,0,mzs,3,3x1
zmpvzne4pl,fmbg,6,6,fzs,nyumuo,FALSE,1,0,mzs,3,3x1
zmpvzne4pl,fmbg,6,6,mbs,nyumuo,FALSE,0,0,mzs,3,3x1
zmpvzne4pl,fmbg,6,6,mbd,niuhiê,FALSE,1,0,mbd,1,3x1
zmpvzne4pl,fmbg,6,6,fbs,nyumuo,FALSE,1,0,mzs,3,3x1
zmpvzne4pl,fmbg,6,6,fzd,gêă,FALSE,1,0,fbd,2,3x1
zmpvzne4pl,fmbg,1,7,fzs,kvurddåh,FALSE,1,1,fbd,2,3x1
zmpvzne4pl,fmbg,1,7,mzd,vrêd,FALSE,1,1,mzs,1,3x1
zmpvzne4pl,fmbg,1,7,fbs,kvurddåh,FALSE,1,1,fbd,2,3x1
zmpvzne4pl,fmbg,1,7,mbd,vrêd,FALSE,0,1,mzs,1,3x1
zmpvzne4pl,fmbg,1,7,fbd,kvurddåh,FALSE,1,1,fbd,2,3x1
zmpvzne4pl,fmbg,1,7,fzd,kvurddåh,FALSE,1,1,fbd,2,3x1
zmpvzne4pl,fmbg,1,7,mbs,vrêd,FALSE,0,1,mzs,1,3x1
3efko77scp,fmgb,7,0,mbs,lawolu,FALSE,1,0,mzd,1,1
3efko77scp,fmgb,7,0,mzs,lawolu,FALSE,1,0,mzd,1,1
3efko77scp,fmgb,7,0,b,powisunge,FALSE,1,0,z,2,1
3efko77scp,fmgb,7,0,fbd,lawolu,FALSE,1,0,mzd,1,1
3efko77scp,fmgb,7,0,fbs,lawolu,FALSE,1,0,mzd,1,1
3efko77scp,fmgb,7,0,fzd,lawolu,FALSE,1,0,mzd,1,1
3efko77scp,fmgb,7,0,fzs,lawolu,FALSE,1,0,mzd,1,1
3efko77scp,fmgb,7,0,mbd,lawolu,FALSE,1,0,mzd,1,1
3efko77scp,fmgb,7,0,z,powisunge,FALSE,1,0,z,2,1
3efko77scp,fmgb,3,1,fzd,žbodu,FALSE,0,1,mzd,2,2x2
3efko77scp,fmgb,3,1,mbs,nžodo,FALSE,0,1,fzs,1,2x2
3efko77scp,fmgb,3,1,fbd,žbodu,FALSE,0,1,mzd,2,2x2
3efko77scp,fmgb,3,1,mzs,nžodo,FALSE,0,1,fzs,1,2x2
3efko77scp,fmgb,3,1,fbs,nžodo,FALSE,1,1,fzs,1,2x2
3efko77scp,fmgb,3,1,mzd,žbodu,FALSE,1,1,mzd,2,2x2
3efko77scp,fmgb,3,1,mbd,žbodu,FALSE,1,1,mzd,2,2x2
3efko77scp,fmgb,6,2,mbs,möïtu,FALSE,1,0,mbs,3,2x2
3efko77scp,fmgb,6,2,mbd,töeqo,FALSE,0,0,mzd,2,2x2
3efko77scp,fmgb,6,2,fzs,yaöpe,FALSE,1,0,fzs,4,2x2
3efko77scp,fmgb,6,2,fbd,canšuehu,FALSE,1,0,fbd,1,2x2
3efko77scp,fmgb,6,2,mzs,möïtu,FALSE,0,0,mbs,3,2x2
3efko77scp,fmgb,6,2,fzd,canšuehu,FALSE,0,0,fbd,1,2x2
3efko77scp,fmgb,6,2,fbs,yaöpe,FALSE,0,0,fzs,4,2x2
3efko77scp,fmgb,1,3,mzs,ømenad,FALSE,1,1,mzs,2,2x2
3efko77scp,fmgb,1,3,mbd,adeçim,FALSE,1,1,mbd,3,2x2
3efko77scp,fmgb,1,3,fbs,ømenad,FALSE,1,1,mzs,2,2x2
3efko77scp,fmgb,1,3,fzs,adeçim,FALSE,1,1,mbd,3,2x2
llelh1mjm8,mfbg,1,0,z,popingi,FALSE,1,1,z,2,1
llelh1mjm8,mfbg,1,0,mzd,lepego,FALSE,1,1,fbs,1,1
llelh1mjm8,mfbg,1,0,mzs,lepego,FALSE,1,1,fbs,1,1
llelh1mjm8,mfbg,1,0,fzd,lepego,FALSE,1,1,fbs,1,1
llelh1mjm8,mfbg,1,0,fzs,lepego,FALSE,1,1,fbs,1,1
llelh1mjm8,mfbg,1,0,mbs,lepego,FALSE,1,1,fbs,1,1
llelh1mjm8,mfbg,1,0,fbd,lepego,FALSE,1,1,fbs,1,1
llelh1mjm8,mfbg,1,0,mzd,lepego,FALSE,1,1,fbs,1,1
llelh1mjm8,mfbg,1,0,mzs,lepego,FALSE,1,1,fbs,1,1
llelh1mjm8,mfbg,1,0,fzd,lepego,FALSE,1,1,fbs,1,1
llelh1mjm8,mfbg,1,0,fzs,lepego,FALSE,1,1,fbs,1,1
llelh1mjm8,mfbg,1,0,mbs,lepego,FALSE,1,1,fbs,1,1
llelh1mjm8,mfbg,1,0,fbd,lepego,FALSE,1,1,fbs,1,1
llelh1mjm8,mfbg,1,0,mbd,lepego,FALSE,1,1,fbs,1,1
llelh1mjm8,mfbg,1,0,b,lepego,FALSE,0,1,fbs,1,1
llelh1mjm8,mfbg,1,0,b,popingi,FALSE,1,1,z,2,1
llelh1mjm8,mfbg,8,1,mzs,agivud,FALSE,1,1,mzd,2,2x2
llelh1mjm8,mfbg,8,1,mbd,azuf,FALSE,0,1,fbs,1,2x2
llelh1mjm8,mfbg,8,1,mbs,azuf,FALSE,0,1,fbs,1,2x2
llelh1mjm8,mfbg,8,1,fzs,agivud,FALSE,0,1,mzd,2,2x2
llelh1mjm8,mfbg,8,1,fzd,agivud,FALSE,0,1,mzd,2,2x2
llelh1mjm8,mfbg,8,1,fbd,azuf,FALSE,1,1,fbs,1,2x2
llelh1mjm8,mfbg,8,1,fbs,azuf,FALSE,1,1,fbs,1,2x2
llelh1mjm8,mfbg,7,2,fbs,möïtu,FALSE,1,1,mbd,1,2x2
llelh1mjm8,mfbg,7,2,mbs,möïtu,FALSE,1,1,mbd,1,2x2
llelh1mjm8,mfbg,7,2,mzd,nuubö,FALSE,1,1,fzs,2,2x2
llelh1mjm8,mfbg,7,2,fzd,nuubö,FALSE,1,1,fzs,2,2x2
llelh1mjm8,mfbg,7,2,mzs,nuubö,FALSE,1,1,fzs,2,2x2
llelh1mjm8,mfbg,7,2,fbd,möïtu,FALSE,1,1,mbd,1,2x2
llelh1mjm8,mfbg,7,2,fzs,nuubö,FALSE,1,1,fzs,2,2x2
llelh1mjm8,mfbg,5,3,mbd,orinoçim,FALSE,1,0,mbs,1,2x2
llelh1mjm8,mfbg,5,3,fbs,øqoç,FALSE,1,0,fbs,2,2x2
llelh1mjm8,mfbg,5,3,mzs,orinoçim,FALSE,0,0,mbs,1,2x2
llelh1mjm8,mfbg,5,3,mzd,orinoçim,FALSE,0,0,mbs,1,2x2
llelh1mjm8,mfbg,5,3,fbd,øqoç,FALSE,1,0,fbs,2,2x2
llelh1mjm8,mfbg,5,3,fzs,øqoç,FALSE,0,0,fbs,2,2x2
llelh1mjm8,mfbg,5,3,fzd,øqoç,FALSE,0,0,fbs,2,2x2
llelh1mjm8,mfbg,6,4,fzs,vbāžo,FALSE,1,0,fzs,2,3x1
llelh1mjm8,mfbg,6,4,mzd,vbāžo,FALSE,1,0,fzs,2,3x1
llelh1mjm8,mfbg,6,4,fbd,ngcāžo,FALSE,1,0,fbs,1,3x1
llelh1mjm8,mfbg,6,4,mbs,ngcāžo,FALSE,0,0,fbs,1,3x1
llelh1mjm8,mfbg,6,4,fzd,vbāžo,FALSE,1,0,fzs,2,3x1
llelh1mjm8,mfbg,6,4,mzs,vbāžo,FALSE,1,0,fzs,2,3x1
llelh1mjm8,mfbg,6,4,mbd,ngcāžo,FALSE,0,0,fbs,1,3x1
llelh1mjm8,mfbg,4,5,fbs,bybï,FALSE,0,1,fzd,1,3x1
llelh1mjm8,mfbg,4,5,mzd,zuvewu,FALSE,1,1,mzs,2,3x1
llelh1mjm8,mfbg,4,5,mbs,zuvewu,FALSE,1,1,mzs,2,3x1
llelh1mjm8,mfbg,4,5,fzs,bybï,FALSE,1,1,fzd,1,3x1
llelh1mjm8,mfbg,4,5,mbd,zuvewu,FALSE,1,1,mzs,2,3x1
llelh1mjm8,mfbg,4,5,fbd,bybï,FALSE,0,1,fzd,1,3x1
llelh1mjm8,mfbg,4,5,mzs,zuvewu,FALSE,1,1,mzs,2,3x1
llelh1mjm8,mfbg,3,6,fbd,goozăi,FALSE,1,1,fbs,2,3x1
llelh1mjm8,mfbg,3,6,mzd,baumiă,FALSE,0,1,mbd,1,3x1
llelh1mjm8,mfbg,3,6,fzd,goozăi,FALSE,1,1,fbs,2,3x1
llelh1mjm8,mfbg,3,6,mzs,baumiă,FALSE,0,1,mbd,1,3x1
llelh1mjm8,mfbg,3,6,mbd,baumiă,FALSE,1,1,mbd,1,3x1
llelh1mjm8,mfbg,3,6,mbs,baumiă,FALSE,1,1,mbd,1,3x1
llelh1mjm8,mfbg,3,6,fzs,goozăi,FALSE,1,1,fbs,2,3x1
llelh1mjm8,mfbg,2,7,fzd,rhåv,FALSE,1,0,fzd,2,3x1
llelh1mjm8,mfbg,2,7,mbs,smêvskêv,FALSE,0,0,mzd,1,3x1
llelh1mjm8,mfbg,2,7,fzs,rhåv,FALSE,1,0,fzd,2,3x1
llelh1mjm8,mfbg,2,7,fbs,rhåv,FALSE,1,0,fzd,2,3x1
llelh1mjm8,mfbg,2,7,mbd,smêvskêv,FALSE,0,0,mzd,1,3x1
llelh1mjm8,mfbg,2,7,fbd,rhåv,FALSE,1,0,fzd,2,3x1
llelh1mjm8,mfbg,2,7,mzs,smêvskêv,FALSE,1,0,mzd,1,3x1
llelh1mjm8,mfbg,2,7,fbd,rhåv,FALSE,1,0,fzd,2,3x1
llelh1mjm8,mfbg,2,7,mzs,smêvskêv,FALSE,1,0,mzd,1,3x1
chksbtwpa9,mfbg,7,0,mbs,nyumuo,FALSE,1,0,fzd,1,1
chksbtwpa9,mfbg,7,0,mzs,nyumuo,FALSE,1,0,fzd,1,1
chksbtwpa9,mfbg,7,0,fzs,nyumuo,FALSE,1,0,fzd,1,1
chksbtwpa9,mfbg,7,0,mzd,nyumuo,FALSE,1,0,fzd,1,1
chksbtwpa9,mfbg,7,0,z,nyumuo,FALSE,0,0,fzd,1,1
chksbtwpa9,mfbg,7,0,mbd,nyumuo,FALSE,1,0,fzd,1,1
chksbtwpa9,mfbg,7,0,fbd,nyumuo,FALSE,1,0,fzd,1,1
chksbtwpa9,mfbg,7,0,b,nyumuo,FALSE,0,0,fzd,1,1
chksbtwpa9,mfbg,7,0,fbs,nyumuo,FALSE,1,0,fzd,1,1
chksbtwpa9,mfbg,3,1,mzs,ngcāžo,FALSE,1,0,mbd,2,2x2
chksbtwpa9,mfbg,3,1,fzs,byure,FALSE,1,0,fzd,1,2x2
chksbtwpa9,mfbg,3,1,mbd,ngcāžo,FALSE,1,0,mbd,2,2x2
chksbtwpa9,mfbg,3,1,mbs,ngcāžo,FALSE,1,0,mbd,2,2x2
chksbtwpa9,mfbg,3,1,fbs,byure,FALSE,1,0,fzd,1,2x2
chksbtwpa9,mfbg,3,1,fbd,byure,FALSE,1,0,fzd,1,2x2
chksbtwpa9,mfbg,3,1,mzd,ngcāžo,FALSE,1,0,mbd,2,2x2
chksbtwpa9,mfbg,1,2,fzs,rhymsvåd,FALSE,0,1,fbs,1,2x2
chksbtwpa9,mfbg,1,2,mzd,kvurddåh,FALSE,1,1,fzd,2,2x2
chksbtwpa9,mfbg,1,2,fbd,kvurddåh,FALSE,0,1,fzd,2,2x2
chksbtwpa9,mfbg,1,2,mzs,rhymsvåd,FALSE,0,1,fbs,1,2x2
chksbtwpa9,mfbg,1,2,mbs,rhymsvåd,FALSE,1,1,fbs,1,2x2
chksbtwpa9,mfbg,1,2,fbs,rhymsvåd,FALSE,1,1,fbs,1,2x2
chksbtwpa9,mfbg,1,2,mbd,kvurddåh,FALSE,0,1,fzd,2,2x2
chksbtwpa9,mfbg,6,3,fbs,øqoç,FALSE,1,1,mzd,2,2x2
chksbtwpa9,mfbg,6,3,fzd,ømenad,FALSE,1,1,mbs,1,2x2
chksbtwpa9,mfbg,6,3,fbd,øqoç,FALSE,1,1,mzd,2,2x2
chksbtwpa9,mfbg,6,3,mbs,ømenad,FALSE,1,1,mbs,1,2x2
chksbtwpa9,mfbg,6,3,mzs,ømenad,FALSE,0,1,mbs,1,2x2
chksbtwpa9,mfbg,6,3,mbd,øqoç,FALSE,0,1,mzd,2,2x2
chksbtwpa9,mfbg,6,3,fzs,øqoç,FALSE,0,1,mzd,2,2x2
chksbtwpa9,mfbg,5,4,mzd,šïïnö,FALSE,1,1,mzs,2,3x1
chksbtwpa9,mfbg,5,4,mbd,šïïnö,FALSE,1,1,mzs,2,3x1
chksbtwpa9,mfbg,5,4,fzs,canšuehu,FALSE,0,1,fbd,1,3x1
chksbtwpa9,mfbg,5,4,fzd,canšuehu,FALSE,0,1,fbd,1,3x1
chksbtwpa9,mfbg,5,4,mbs,šïïnö,FALSE,1,1,mzs,2,3x1
chksbtwpa9,mfbg,5,4,fbs,canšuehu,FALSE,1,1,fbd,1,3x1
chksbtwpa9,mfbg,5,4,mzs,šïïnö,FALSE,1,1,mzs,2,3x1
chksbtwpa9,mfbg,8,5,mzd,zuvewu,FALSE,1,1,mzs,2,3x1
chksbtwpa9,mfbg,8,5,mbs,zuvewu,FALSE,1,1,mzs,2,3x1
chksbtwpa9,mfbg,8,5,fbs,zuvewu,FALSE,1,1,mzs,2,3x1
chksbtwpa9,mfbg,8,5,fzd,qïru,FALSE,1,1,fzd,1,3x1
chksbtwpa9,mfbg,8,5,fbd,qïru,FALSE,0,1,fzd,1,3x1
chksbtwpa9,mfbg,8,5,mbd,zuvewu,FALSE,1,1,mzs,2,3x1
chksbtwpa9,mfbg,8,5,fzs,zuvewu,FALSE,0,1,mzs,2,3x1
chksbtwpa9,mfbg,2,6,fzd,azuf,FALSE,1,0,fbd,2,3x1
chksbtwpa9,mfbg,2,6,mbs,azuf,FALSE,0,0,fbd,2,3x1
chksbtwpa9,mfbg,2,6,fbs,azuf,FALSE,1,0,fbd,2,3x1
chksbtwpa9,mfbg,2,6,mzs,idanuluf,FALSE,0,0,mbd,1,3x1
chksbtwpa9,mfbg,2,6,fzs,azuf,FALSE,1,0,fbd,2,3x1
chksbtwpa9,mfbg,2,6,mzd,idanuluf,FALSE,0,0,mbd,1,3x1
chksbtwpa9,mfbg,2,6,mbd,idanuluf,FALSE,1,0,mbd,1,3x1
chksbtwpa9,mfbg,4,7,mbs,popingi,FALSE,0,1,mzd,1,3x1
chksbtwpa9,mfbg,4,7,mzd,popingi,FALSE,1,1,mzd,1,3x1
chksbtwpa9,mfbg,4,7,fbd,goviku,FALSE,1,1,fbs,2,3x1
chksbtwpa9,mfbg,4,7,mzs,popingi,FALSE,1,1,mzd,1,3x1
chksbtwpa9,mfbg,4,7,fzs,goviku,FALSE,1,1,fbs,2,3x1
chksbtwpa9,mfbg,4,7,mbd,popingi,FALSE,0,1,mzd,1,3x1
chksbtwpa9,mfbg,4,7,fzd,goviku,FALSE,1,1,fbs,2,3x1
xxzu4htn68,mfbg,7,0,mbs,powisunge,FALSE,1,1,mbd,1,1
xxzu4htn68,mfbg,7,0,mzd,wupu,FALSE,1,1,mzd,3,1
xxzu4htn68,mfbg,7,0,fzs,pygele,FALSE,1,1,fzs,4,1
xxzu4htn68,mfbg,7,0,fzd,pygele,FALSE,1,1,fzs,4,1
xxzu4htn68,mfbg,7,0,mzs,wupu,FALSE,1,1,mzd,3,1
xxzu4htn68,mfbg,7,0,z,popingi,FALSE,1,1,b,2,1
xxzu4htn68,mfbg,7,0,fbs,pygele,FALSE,1,1,fzs,4,1
xxzu4htn68,mfbg,7,0,fbd,pygele,FALSE,1,1,fzs,4,1
xxzu4htn68,mfbg,7,0,b,popingi,FALSE,1,1,b,2,1
xxzu4htn68,mfbg,6,1,mbd,øqoç,FALSE,1,0,mbd,3,2x2
xxzu4htn68,mfbg,6,1,mzd,øqoç,FALSE,1,0,mbd,3,2x2
xxzu4htn68,mfbg,6,1,fzs,adeçim,FALSE,1,0,fbs,1,2x2
crh28aq5c9,mfbg,2,0,fbs,lepego,FALSE,1,1,mbs,1,1
crh28aq5c9,mfbg,2,0,mzd,ngapapu,FALSE,0,1,z,2,1
crh28aq5c9,mfbg,2,0,fzs,lepego,FALSE,1,1,mbs,1,1
crh28aq5c9,mfbg,2,0,mzd,lepego,FALSE,1,1,mbs,1,1
crh28aq5c9,mfbg,2,0,mzd,ngapapu,FALSE,0,1,z,2,1
crh28aq5c9,mfbg,2,0,fzs,lepego,FALSE,1,1,mbs,1,1
crh28aq5c9,mfbg,2,0,mbd,ngapapu,FALSE,0,1,z,2,1
crh28aq5c9,mfbg,2,0,fbd,ngapapu,FALSE,0,1,z,2,1
crh28aq5c9,mfbg,2,0,mbs,lepego,FALSE,1,1,mbs,1,1
crh28aq5c9,mfbg,2,0,mzs,lepego,FALSE,1,1,mbs,1,1
crh28aq5c9,mfbg,2,0,fzd,ngapapu,FALSE,0,1,z,2,1
crh28aq5c9,mfbg,2,0,b,lepego,FALSE,0,1,mbs,1,1
crh28aq5c9,mfbg,5,1,fbs,egezalat,FALSE,1,1,fzs,1,2x2
crh28aq5c9,mfbg,5,1,mzd,otev,FALSE,1,1,mbd,2,2x2
crh28aq5c9,mfbg,5,1,fbd,egezalat,FALSE,1,1,fzs,1,2x2
crh28aq5c9,mfbg,5,1,mbs,otev,FALSE,1,1,mbd,2,2x2
crh28aq5c9,mfbg,5,1,fzd,egezalat,FALSE,1,1,fzs,1,2x2
crh28aq5c9,mfbg,5,1,fzs,egezalat,FALSE,1,1,fzs,1,2x2
crh28aq5c9,mfbg,5,1,mzs,otev,FALSE,1,1,mbd,2,2x2
crh28aq5c9,mfbg,3,2,fzd,goozăi,FALSE,1,1,mzs,2,2x2
crh28aq5c9,mfbg,3,2,mzd,goozăi,FALSE,1,1,mzs,2,2x2
crh28aq5c9,mfbg,3,2,fbs,huanăa,FALSE,1,1,mbd,1,2x2
crh28aq5c9,mfbg,3,2,fzs,goozăi,FALSE,1,1,mzs,2,2x2
crh28aq5c9,mfbg,3,2,mzs,goozăi,FALSE,1,1,mzs,2,2x2
crh28aq5c9,mfbg,3,2,mbs,huanăa,FALSE,1,1,mbd,1,2x2
crh28aq5c9,mfbg,3,2,fbd,huanăa,FALSE,1,1,mbd,1,2x2
crh28aq5c9,mfbg,6,3,mbs,tsåvvses,FALSE,1,0,mbd,1,2x2
crh28aq5c9,mfbg,6,3,fzs,tsåvvses,FALSE,1,0,mbd,1,2x2
crh28aq5c9,mfbg,6,3,mbd,tsåvvses,FALSE,1,0,mbd,1,2x2
crh28aq5c9,mfbg,6,3,fbs,vrêd,FALSE,1,0,fbd,2,2x2
crh28aq5c9,mfbg,6,3,fzd,tsåvvses,FALSE,1,0,mbd,1,2x2
crh28aq5c9,mfbg,6,3,mzs,vrêd,FALSE,1,0,fbd,2,2x2
crh28aq5c9,mfbg,6,3,mzd,vrêd,FALSE,1,0,fbd,2,2x2
crh28aq5c9,mfbg,4,4,mzs,ngcāžo,FALSE,1,1,fzs,2,3x1
crh28aq5c9,mfbg,4,4,fzd,pžicā,FALSE,1,1,fzd,3,3x1
crh28aq5c9,mfbg,4,4,fbd,rbāranžā,FALSE,1,1,fbd,1,3x1
crh28aq5c9,mfbg,4,4,mbs,ngcāžo,FALSE,1,1,fzs,2,3x1
crh28aq5c9,mfbg,4,4,mbd,pžicā,FALSE,1,1,fzd,3,3x1
crh28aq5c9,mfbg,4,4,fbs,žbodu,FALSE,1,1,fbs,4,3x1
crh28aq5c9,mfbg,4,4,mzd,pžicā,FALSE,1,1,fzd,3,3x1
crh28aq5c9,mfbg,1,5,fbd,iqur,FALSE,0,0,fzd,1,3x1
crh28aq5c9,mfbg,1,5,fbd,aweh,FALSE,1,0,mzd,2,3x1
crh28aq5c9,mfbg,1,5,mbs,adeçim,FALSE,1,0,mbs,3,3x1
crh28aq5c9,mfbg,1,5,fzs,emøyeç,FALSE,1,0,fzs,4,3x1
crh28aq5c9,mfbg,1,5,mbd,aweh,FALSE,1,0,mzd,2,3x1
crh28aq5c9,mfbg,1,5,fbs,adeçim,FALSE,1,0,mbs,3,3x1
crh28aq5c9,mfbg,1,5,mzs,adeçim,FALSE,1,0,mbs,3,3x1
crh28aq5c9,mfbg,1,5,mzd,aweh,FALSE,1,0,mzd,2,3x1
crh28aq5c9,mfbg,7,6,mbs,šaaqaude,FALSE,1,0,mbd,1,3x1
crh28aq5c9,mfbg,7,6,fzs,nuubö,FALSE,1,0,mzd,2,3x1
crh28aq5c9,mfbg,7,6,fbd,nuubö,FALSE,1,0,mzd,2,3x1
crh28aq5c9,mfbg,7,6,fbs,nuubö,FALSE,1,0,mzd,2,3x1
crh28aq5c9,mfbg,7,6,mzs,nuubö,FALSE,1,0,mzd,2,3x1
crh28aq5c9,mfbg,7,6,mbd,šaaqaude,FALSE,1,0,mbd,1,3x1
crh28aq5c9,mfbg,7,6,fzd,nuubö,FALSE,1,0,mzd,2,3x1
crh28aq5c9,mfbg,8,7,mzd,bokokohï,FALSE,1,0,mzs,1,3x1
crh28aq5c9,mfbg,8,7,fbd,ryvïri,FALSE,1,0,fzs,2,3x1
crh28aq5c9,mfbg,8,7,mbs,ryvïri,FALSE,1,0,fzs,2,3x1
crh28aq5c9,mfbg,8,7,fbs,ryvïri,FALSE,1,0,fzs,2,3x1
crh28aq5c9,mfbg,8,7,fzd,ryvïri,FALSE,1,0,fzs,2,3x1
crh28aq5c9,mfbg,8,7,fzs,ryvïri,FALSE,1,0,fzs,2,3x1
crh28aq5c9,mfbg,8,7,mbd,ryvïri,FALSE,1,0,fzs,2,3x1
q7mqc1mst0,mfgb,8,0,b,žbodu,FALSE,1,0,b,2,1
q7mqc1mst0,mfgb,8,0,z,vbāžo,FALSE,1,0,z,3,1
q7mqc1mst0,mfgb,8,0,fzs,rbāranžā,FALSE,1,0,mbs,1,1
qe6qdpy4b2,mfbg,1,0,mzs,vrêd,FALSE,1,1,fbs,1,1
qe6qdpy4b2,mfbg,1,0,mbs,vrêd,FALSE,1,1,fbs,1,1
qe6qdpy4b2,mfbg,1,0,mbd,vrêd,FALSE,1,1,fbs,1,1
qe6qdpy4b2,mfbg,1,0,fzd,vrêd,FALSE,1,1,fbs,1,1
qe6qdpy4b2,mfbg,1,0,fbs,vrêd,FALSE,1,1,fbs,1,1
qe6qdpy4b2,mfbg,1,0,fzs,vrêd,FALSE,1,1,fbs,1,1
qe6qdpy4b2,mfbg,1,0,mzd,vrêd,FALSE,1,1,fbs,1,1
qe6qdpy4b2,mfbg,1,0,b,rhymsvåd,FALSE,1,1,z,2,1
qe6qdpy4b2,mfbg,1,0,fbd,vrêd,FALSE,1,1,fbs,1,1
qe6qdpy4b2,mfbg,5,1,mbs,aweh,FALSE,1,0,mzd,2,2x2
qe6qdpy4b2,mfbg,5,1,mzd,aweh,FALSE,1,0,mzd,2,2x2
qe6qdpy4b2,mfbg,5,1,fbd,uquçun,FALSE,1,0,fzd,1,2x2
qe6qdpy4b2,mfbg,5,1,mbd,aweh,FALSE,1,0,mzd,2,2x2
qe6qdpy4b2,mfbg,5,1,fbs,uquçun,FALSE,1,0,fzd,1,2x2
qe6qdpy4b2,mfbg,5,1,mzs,aweh,FALSE,1,0,mzd,2,2x2
qe6qdpy4b2,mfbg,5,1,fzs,uquçun,FALSE,1,0,fzd,1,2x2
qe6qdpy4b2,mfbg,6,2,mzs,zuvewu,FALSE,0,0,fbd,1,2x2
qe6qdpy4b2,mfbg,6,2,fbs,zuvewu,FALSE,1,0,fbd,1,2x2
qe6qdpy4b2,mfbg,6,2,fbd,zuvewu,FALSE,1,0,fbd,1,2x2
qe6qdpy4b2,mfbg,6,2,fzs,bybï,FALSE,1,0,fzd,2,2x2
qe6qdpy4b2,mfbg,6,2,mzd,zuvewu,FALSE,0,0,fbd,1,2x2
qe6qdpy4b2,mfbg,6,2,mbd,zuvewu,FALSE,1,0,fbd,1,2x2
qe6qdpy4b2,mfbg,6,2,mbs,zuvewu,FALSE,1,0,fbd,1,2x2
qe6qdpy4b2,mfbg,2,3,mzd,möïtu,FALSE,0,1,mbd,1,2x2
qe6qdpy4b2,mfbg,2,3,fzd,möïtu,FALSE,1,1,mbd,1,2x2
qe6qdpy4b2,mfbg,2,3,fzs,šïïnö,FALSE,0,1,mzs,2,2x2
qe6qdpy4b2,mfbg,2,3,mbs,šïïnö,FALSE,0,1,mzs,2,2x2
qe6qdpy4b2,mfbg,2,3,mzs,šïïnö,FALSE,1,1,mzs,2,2x2
qe6qdpy4b2,mfbg,2,3,fbd,möïtu,FALSE,0,1,mbd,1,2x2
qe6qdpy4b2,mfbg,2,3,fbs,šïïnö,FALSE,1,1,mzs,2,2x2
qe6qdpy4b2,mfbg,3,4,mbd,idanuluf,FALSE,1,0,fzd,2,3x1
qe6qdpy4b2,mfbg,3,4,mzd,idanuluf,FALSE,1,0,fzd,2,3x1
qe6qdpy4b2,mfbg,3,4,mzs,agivud,FALSE,1,0,mzs,3,3x1
qe6qdpy4b2,mfbg,3,4,fzs,agivud,FALSE,1,0,mzs,3,3x1
qe6qdpy4b2,mfbg,3,4,fbd,egezalat,FALSE,1,0,fbd,1,3x1
qe6qdpy4b2,mfbg,3,4,mbs,agivud,FALSE,1,0,mzs,3,3x1
qe6qdpy4b2,mfbg,3,4,fbs,idanuluf,FALSE,0,0,fzd,2,3x1
qe6qdpy4b2,mfbg,4,5,mzs,ngcāžo,FALSE,1,1,fbs,2,3x1
qe6qdpy4b2,mfbg,4,5,fzd,pžicā,FALSE,1,1,fzd,1,3x1
qe6qdpy4b2,mfbg,4,5,fzs,ngcāžo,FALSE,0,1,fbs,2,3x1
qe6qdpy4b2,mfbg,4,5,mbs,ngcāžo,FALSE,1,1,fbs,2,3x1
qe6qdpy4b2,mfbg,4,5,fbd,pžicā,FALSE,0,1,fzd,1,3x1
qe6qdpy4b2,mfbg,4,5,mzd,pžicā,FALSE,0,1,fzd,1,3x1
qe6qdpy4b2,mfbg,4,5,mbd,pžicā,FALSE,0,1,fzd,1,3x1
qe6qdpy4b2,mfbg,7,6,fbd,lepego,FALSE,1,1,fzd,2,3x1
qe6qdpy4b2,mfbg,7,6,mzd,goviku,FALSE,0,1,mbs,1,3x1
qe6qdpy4b2,mfbg,7,6,fbs,lepego,FALSE,1,1,fzd,2,3x1
qe6qdpy4b2,mfbg,7,6,fzs,goviku,FALSE,0,1,mbs,1,3x1
qe6qdpy4b2,mfbg,7,6,mzs,goviku,FALSE,0,1,mbs,1,3x1
qe6qdpy4b2,mfbg,7,6,mbs,goviku,FALSE,1,1,mbs,1,3x1
qe6qdpy4b2,mfbg,7,6,fbs,lepego,FALSE,1,1,fzd,2,3x1
qe6qdpy4b2,mfbg,7,6,fzs,lepego,FALSE,1,1,fzd,2,3x1
qe6qdpy4b2,mfbg,7,6,mzs,goviku,FALSE,0,1,mbs,1,3x1
qe6qdpy4b2,mfbg,7,6,mbd,goviku,FALSE,1,1,mbs,1,3x1
qe6qdpy4b2,mfbg,8,7,mzs,nyumuo,FALSE,1,0,mzd,1,3x1
qe6qdpy4b2,mfbg,8,7,mbd,nyumuo,FALSE,0,0,mzd,1,3x1
qe6qdpy4b2,mfbg,8,7,mbs,nyumuo,FALSE,0,0,mzd,1,3x1
qe6qdpy4b2,mfbg,8,7,fzs,nyumuo,FALSE,0,0,mzd,1,3x1
qe6qdpy4b2,mfbg,8,7,fzs,taobyo,FALSE,1,0,fbd,2,3x1
qe6qdpy4b2,mfbg,8,7,fbs,taobyo,FALSE,1,0,fbd,2,3x1
qe6qdpy4b2,mfbg,8,7,fzd,taobyo,FALSE,1,0,fbd,2,3x1
qe6qdpy4b2,mfbg,8,7,mzd,nyumuo,FALSE,1,0,mzd,1,3x1
172k2sma4r,fmgb,8,0,fzd,awupav,FALSE,1,0,mzd,1,1
172k2sma4r,fmgb,8,0,mbd,awupav,FALSE,1,0,mzd,1,1
172k2sma4r,fmgb,8,0,fbs,awupav,FALSE,1,0,mzd,1,1
172k2sma4r,fmgb,8,0,b,agivud,FALSE,1,0,z,2,1
172k2sma4r,fmgb,8,0,fbd,agivud,FALSE,0,0,z,2,1
172k2sma4r,fmgb,8,0,fzd,awupav,FALSE,1,0,mzd,1,1
172k2sma4r,fmgb,8,0,mbd,awupav,FALSE,1,0,mzd,1,1
172k2sma4r,fmgb,8,0,fbs,awupav,FALSE,1,0,mzd,1,1
172k2sma4r,fmgb,8,0,b,agivud,FALSE,1,0,z,2,1
172k2sma4r,fmgb,8,0,fbd,agivud,FALSE,0,0,z,2,1
172k2sma4r,fmgb,8,0,mbs,awupav,FALSE,1,0,mzd,1,1
172k2sma4r,fmgb,8,0,mzd,awupav,FALSE,1,0,mzd,1,1
172k2sma4r,fmgb,8,0,mzs,awupav,FALSE,1,0,mzd,1,1
172k2sma4r,fmgb,8,0,fzd,awupav,FALSE,1,0,mzd,1,1
172k2sma4r,fmgb,8,0,mbd,awupav,FALSE,1,0,mzd,1,1
172k2sma4r,fmgb,8,0,fbs,awupav,FALSE,1,0,mzd,1,1
172k2sma4r,fmgb,8,0,b,awupav,FALSE,0,0,mzd,1,1
172k2sma4r,fmgb,8,0,fbd,awupav,FALSE,1,0,mzd,1,1
172k2sma4r,fmgb,8,0,mbs,awupav,FALSE,1,0,mzd,1,1
172k2sma4r,fmgb,8,0,mzs,awupav,FALSE,1,0,mzd,1,1
172k2sma4r,fmgb,8,0,fzs,awupav,FALSE,1,0,mzd,1,1
172k2sma4r,fmgb,8,0,b,agivud,FALSE,1,0,z,2,1
172k2sma4r,fmgb,8,0,fbd,awupav,FALSE,1,0,mzd,1,1
172k2sma4r,fmgb,8,0,mbs,awupav,FALSE,1,0,mzd,1,1
172k2sma4r,fmgb,8,0,mzs,awupav,FALSE,1,0,mzd,1,1
172k2sma4r,fmgb,8,0,fzs,awupav,FALSE,1,0,mzd,1,1
172k2sma4r,fmgb,4,1,mbd,uquçun,FALSE,1,1,mzs,2,2x2
172k2sma4r,fmgb,4,1,fbs,adeçim,FALSE,1,1,fbd,1,2x2
172k2sma4r,fmgb,4,1,fzs,adeçim,FALSE,1,1,fbd,1,2x2
172k2sma4r,fmgb,4,1,mbs,uquçun,FALSE,1,1,mzs,2,2x2
172k2sma4r,fmgb,4,1,mzd,uquçun,FALSE,1,1,mzs,2,2x2
172k2sma4r,fmgb,4,1,mzs,uquçun,FALSE,1,1,mzs,2,2x2
172k2sma4r,fmgb,4,1,fzd,adeçim,FALSE,1,1,fbd,1,2x2
172k2sma4r,fmgb,5,2,mzd,popingi,FALSE,1,0,mzs,2,2x2
172k2sma4r,fmgb,5,2,mbs,popingi,FALSE,0,0,mzs,2,2x2
172k2sma4r,fmgb,5,2,fzd,lawolu,FALSE,0,0,fbs,1,2x2
172k2sma4r,fmgb,5,2,fzs,lawolu,FALSE,0,0,fbs,1,2x2
172k2sma4r,fmgb,5,2,fbs,lawolu,FALSE,1,0,fbs,1,2x2
172k2sma4r,fmgb,5,2,fbd,lawolu,FALSE,1,0,fbs,1,2x2
172k2sma4r,fmgb,5,2,mbd,popingi,FALSE,0,0,mzs,2,2x2
172k2sma4r,fmgb,6,3,fzs,tsåvvses,FALSE,0,0,fbd,2,2x2
172k2sma4r,fmgb,6,3,fbs,tsåvvses,FALSE,1,0,fbd,2,2x2
172k2sma4r,fmgb,6,3,fzd,tsåvvses,FALSE,0,0,fbd,2,2x2
172k2sma4r,fmgb,6,3,mbs,kvurddåh,FALSE,1,0,mbd,1,2x2
172k2sma4r,fmgb,6,3,mzd,kvurddåh,FALSE,0,0,mbd,1,2x2
172k2sma4r,fmgb,6,3,mzs,kvurddåh,FALSE,0,0,mbd,1,2x2
172k2sma4r,fmgb,6,3,mbd,kvurddåh,FALSE,1,0,mbd,1,2x2
172k2sma4r,fmgb,7,4,mzs,bokokohï,FALSE,1,1,fzs,2,3x1
172k2sma4r,fmgb,7,4,fzs,bokokohï,FALSE,1,1,fzs,2,3x1
172k2sma4r,fmgb,7,4,mbs,bokokohï,FALSE,1,1,fzs,2,3x1
172k2sma4r,fmgb,7,4,fbs,bokokohï,FALSE,0,1,fzs,2,3x1
172k2sma4r,fmgb,7,4,fzd,kïmy,FALSE,0,1,fbd,1,3x1
172k2sma4r,fmgb,7,4,mzd,kïmy,FALSE,0,1,fbd,1,3x1
172k2sma4r,fmgb,7,4,mbd,kïmy,FALSE,0,1,fbd,1,3x1
172k2sma4r,fmgb,7,4,mzs,bokokohï,FALSE,1,1,fzs,2,3x1
172k2sma4r,fmgb,7,4,mbs,bokokohï,FALSE,1,1,fzs,2,3x1
172k2sma4r,fmgb,7,4,fbs,kïmy,FALSE,1,1,fbd,1,3x1
172k2sma4r,fmgb,7,4,fzd,bokokohï,FALSE,1,1,fzs,2,3x1
172k2sma4r,fmgb,7,4,mzd,bokokohï,FALSE,1,1,fzs,2,3x1
172k2sma4r,fmgb,7,4,mbd,bokokohï,FALSE,1,1,fzs,2,3x1
172k2sma4r,fmgb,1,5,mbs,nuubö,FALSE,1,1,mzd,2,3x1
172k2sma4r,fmgb,1,5,fbd,šaaqaude,FALSE,0,1,fzs,1,3x1
172k2sma4r,fmgb,1,5,mbd,nuubö,FALSE,1,1,mzd,2,3x1
172k2sma4r,fmgb,1,5,mzs,nuubö,FALSE,1,1,mzd,2,3x1
172k2sma4r,fmgb,1,5,fbs,šaaqaude,FALSE,0,1,fzs,1,3x1
172k2sma4r,fmgb,1,5,fzd,šaaqaude,FALSE,1,1,fzs,1,3x1
172k2sma4r,fmgb,1,5,mzd,nuubö,FALSE,1,1,mzd,2,3x1
172k2sma4r,fmgb,2,6,mzd,nyumuo,FALSE,0,1,mbd,1,3x1
172k2sma4r,fmgb,2,6,mbd,nyumuo,FALSE,1,1,mbd,1,3x1
172k2sma4r,fmgb,2,6,fbd,nyumuo,FALSE,0,1,mbd,1,3x1
172k2sma4r,fmgb,2,6,mbs,qăo,FALSE,0,1,mzs,2,3x1
172k2sma4r,fmgb,2,6,fzs,qăo,FALSE,1,1,mzs,2,3x1
172k2sma4r,fmgb,2,6,fzd,nyumuo,FALSE,0,1,mbd,1,3x1
172k2sma4r,fmgb,2,6,fbs,qăo,FALSE,1,1,mzs,2,3x1
172k2sma4r,fmgb,3,7,fbs,byure,FALSE,1,0,fzs,2,3x1
172k2sma4r,fmgb,3,7,fbd,byure,FALSE,1,0,fzs,2,3x1
172k2sma4r,fmgb,3,7,fzs,byure,FALSE,1,0,fzs,2,3x1
172k2sma4r,fmgb,3,7,mbd,byure,FALSE,1,0,fzs,2,3x1
172k2sma4r,fmgb,3,7,mzd,ngcāžo,FALSE,1,0,mzs,1,3x1
172k2sma4r,fmgb,3,7,mbs,byure,FALSE,1,0,fzs,2,3x1
172k2sma4r,fmgb,3,7,fzd,byure,FALSE,1,0,fzs,2,3x1
